id	code	name	date	group	class	short_line	img_short_line	verdict_short	dg_yellow	bbi	ma6	kdj_k	kdj_d	kdj_j	others_verdict	note
b2-01	688202.SH	美迪西	20250623	B2	A	33.50	33.50	match	32.53	33.70	33.96	31.46	37.01	20.37	BBI 11/11 MA6 11/11 dg 9/11 K 9/11 D 9/11 J 9/11	
b2-02	601778.SH	晶科科技	20250807	B2	C	3.19	3.19	match	3.02	3.17	3.12	22.71	22.84	22.45	BBI 11/11 MA6 11/11 dg 9/11 K 9/11 D 9/11 J 9/11	
b2-03	002987.SZ	京北方	20250616	B2	D	11.34	11.34	match	11.02	11.60	11.73	31.03	41.39	10.32	BBI 11/11 MA6 11/11 dg 9/11 K 9/11 D 9/11 J 9/11	D 类归属待复核：信号日形态更像 A 类
b2-04	688787.SH	海天瑞声	20250708	B2	B	99.46	99.46	match	98.73	98.52	97.13	28.80	36.61	13.17	BBI 11/11 MA6 11/11 dg 9/11 K 9/11 D 9/11 J 9/11	
b2-05	002670.SZ	国盛证券	20250922	B2	A	19.16	19.16	match	17.70	19.35	19.69	49.47	49.42	49.57	BBI 11/11 MA6 11/11 dg 9/11 K 9/11 D 9/11 J 9/11	
b2-06	688170.SH	德龙激光	20250716	B2	A	25.66	25.66	match	24.36	26.28	26.62	43.99	47.04	37.89	BBI 11/11 MA6 11/11 dg 9/11 K 9/11 D 9/11 J 9/11	
b2-07	002345.SZ	潮宏基	20250516	B2	B	8.71	8.71	match	7.89	8.87	8.85	41.99	43.66	38.65	BBI 11/11 MA6 11/11 dg 9/11 K 9/11 D 9/11 J 9/11	
b2-08	300138.SZ	晨光生物	20250616	B2	B	10.88	10.88	match	10.41	10.86	10.86	31.49	36.20	22.05	BBI 11/11 MA6 11/11 dg 9/11 K 9/11 D 9/11 J 9/11	
b2-09	688318.SH	财富趋势	20250811	B2	D	83.83	83.83	match	80.13	85.27	85.75	32.53	38.08	21.44	BBI 11/11 MA6 11/11 dg 9/11 K 9/11 D 9/11 J 9/11	
b2-10	605198.SH	安德利	20250423	B2	A	36.96	36.96	match	34.75	37.32	37.97	54.95	66.03	32.79	BBI 11/11 MA6 11/11 dg 9/11 K 9/11 D 9/11 J 9/11	图上短期线实为 36.96（子代理曾误读 36.86）
b2-11	300803.SZ	指南针	20250624	B2	A	60.16	60.16	match	60.15	60.54	60.72	42.23	42.98	40.74	BBI 11/11 MA6 11/11 dg 9/11 K 9/11 D 9/11 J 9/11	
b1-12	002940.SZ	昂利康	20250711	B1	特殊	34.49	34.49	match	27.46	37.62	39.46	39.47	56.46	5.48	BBI 9/10 MA6 9/10 dg 9/10 K 7/10 D 8/10 J 8/10	
b1-13	301076.SZ	新瀚新材	20250801	B1	a	22.48	22.48	match	21.69	22.90	23.32	27.25	40.21	1.33	BBI 9/10 MA6 9/10 dg 9/10 K 7/10 D 8/10 J 8/10	
b1-14	600184.SH	光电股份	20250711	B1	a	15.56	15.57	match	14.73	15.88	16.00	21.28	34.94	-6.03	BBI 9/10 MA6 9/10 dg 9/10 K 7/10 D 8/10 J 8/10	
b1-15	605378.SH	野马电池	20250731	B1	a	20.34	20.34	match	19.26	20.20	20.03	21.78	25.81	13.72	BBI 9/10 MA6 9/10 dg 9/10 K 7/10 D 8/10 J 8/10	
b1-16	002074.SZ	国轩高科	20250804	B1	b	30.03	30.03	match	28.26	29.71	29.68	23.02	34.12	0.81	BBI 9/10 MA6 9/10 dg 9/10 K 7/10 D 8/10 J 8/10	
b1-17	300689.SZ	澄天伟业	20250718	B1	a	42.67	42.67	match	40.54	41.35	40.50	12.31	15.48	5.96	BBI 9/10 MA6 9/10 dg 9/10 K 7/10 D 8/10 J 8/10	
b1-18	600601.SH	方正科技	20250723	B1	b	5.36	5.36	match	5.11	5.40	5.41	25.24	33.09	9.53	BBI 9/10 MA6 9/10 dg 9/10 K 7/10 D 8/10 J 8/10	
b1-19	688321.SH	微芯生物	20250620	B1	b	21.18	21.18	match	19.90	21.71	22.08	22.12	38.56	-10.77	BBI 9/10 MA6 9/10 dg 9/10 K 7/10 D 8/10 J 8/10	
b1-20	600366.SH	宁波韵升	20250805	B1	?	11.67	11.67	match	10.66	11.76	11.85	29.21	40.92	5.80	BBI 9/10 MA6 9/10 dg 9/10 K 7/10 D 8/10 J 8/10	
b1-21	688799.SH	华纳药厂	20250512	B1	a	29.42	29.42	match	29.06	29.53	29.47	16.85	27.52	-4.48	BBI 9/10 MA6 9/10 dg 9/10 K 7/10 D 8/10 J 8/10	
brick-22	301095.SZ	广立微	20250724	brick	浅	53.93	53.93	match	53.25	55.18	56.00	83.90	74.46	102.79	BBI 9/9 MA6 8/9 dg 8/9 K 8/9 D 8/9 J 8/9	截图右侧无后续 K 线，无法验证「竖线之后」
brick-23	300055.SZ	万邦达	20260324	brick	深	9.88	9.88	match	9.17	9.77	9.70	20.14	25.24	9.94	BBI 9/9 MA6 8/9 dg 8/9 K 8/9 D 8/9 J 8/9	
brick-24	600893.SH	航发动力	20260119	brick	浅	40.85	40.85	match	39.98	41.78	42.42	48.33	50.20	44.58	BBI 9/9 MA6 8/9 dg 8/9 K 8/9 D 8/9 J 8/9	文件名 20260120，图上光标实为 2026-01-19（底栏逐字已核）
brick-25	688041.SH	海光信息	20250820	brick	浅	141.51	141.51	match	141.67	146.94	150.36	66.64	56.34	87.24	BBI 9/9 MA6 8/9 dg 8/9 K 8/9 D 8/9 J 8/9	9 张里唯一「短期线 < 多空线」的一张
brick-26	688353.SH	华盛锂电	20251028	brick	深	43.89	43.89	match	40.62	43.28	43.13	18.63	25.12	5.64	BBI 9/9 MA6 8/9 dg 8/9 K 8/9 D 8/9 J 8/9	砖块自动提取不稳，转折判读靠放大目视
brick-27	600744.SH	华银电力	20260224	brick	中	6.43	6.43	match	6.39	6.43	6.39	47.28	33.42	74.99	BBI 9/9 MA6 8/9 dg 8/9 K 8/9 D 8/9 J 8/9	
brick-28	688249.SH	晶合集成	20250911	brick	中	23.17	23.17	match	22.37	22.96	22.67	22.78	24.79	18.74	BBI 9/9 MA6 8/9 dg 8/9 K 8/9 D 8/9 J 8/9	竖线位置/砖色：读图与子代理不一致，待像素复核
brick-29	600389.SH	江山股份	20250815	brick	浅	21.31	21.31	match	20.02	21.40	21.34	50.42	36.49	78.26	BBI 9/9 MA6 8/9 dg 8/9 K 8/9 D 8/9 J 8/9	截图底部被裁，无日期标签行
brick-30	600366.SH	宁波韵升	20250806	brick	中	11.69	11.69	match	10.71	11.78	11.76	27.59	36.48	9.83	BBI 9/9 MA6 8/9 dg 8/9 K 8/9 D 8/9 J 8/9	
