"场次"	"段"	"KB"	"小节数"	"等级"
"20250730重要的防卖飞策略（周三晚八）"	"20250730重要的防卖飞策略（周三晚八）\直播回放_2025-07-30_22-00-38_summary\notes.md"	"32.8"	"0"	"OK"
"20251229茶人小叙~"	"20251229茶人小叙~\zettaranc充电直播回放_summary\notes.md"	"28.5"	"15"	"OK"
"20260211节前答疑时间"	"20260211节前答疑时间\zettaranc Z哥 b站充电直播回放2_summary\notes.md"	"24.9"	"14"	"OK"
"20250423"	"20250423\20250423第一部分_summary\notes.md"	"24.1"	"15"	"OK"
"20260404 二楼补钟：重要一课"	"20260404 二楼补钟：重要一课\zettaranc b站充电直播回放3_summary\notes.md"	"24.1"	"15"	"OK"
"20260121开枝散叶，踏准节奏"	"20260121开枝散叶，踏准节奏\zettaranc Z哥 B站充电直播回放1_summary\notes.md"	"23.3"	"26"	"OK"
"20250702（周三晚8）"	"20250702（周三晚8）\直播回放_2025-07-02_22-00-23_summary\notes.md"	"23.2"	"15"	"OK"
"20260304 为什么又被炸成德A兰？（周三晚八）"	"20260304 为什么又被炸成德A兰？（周三晚八）\Z哥b站充电直播回放1_summary\notes.md"	"23.2"	"14"	"OK"
"20251217为什么说散户输在没有交易节奏（周三晚八）"	"20251217为什么说散户输在没有交易节奏（周三晚八）\zettaranc充电直播回放2_summary\notes.md"	"22.8"	"13"	"OK"
"20251020枪林弹雨的十月该如何应对？（周日晚八）"	"20251020枪林弹雨的十月该如何应对？（周日晚八）\12 点 二楼_summary\notes.md"	"22.7"	"13"	"OK"
"20251110扯会儿淡~"	"20251110扯会儿淡~\二楼 12 点_summary\notes.md"	"22.5"	"15"	"OK"
"20250618创新药五大方向（周三晚九开"	"20250618创新药五大方向（周三晚九开\直播回放_2025-06-18_22-50-24_summary\notes.md"	"22.2"	"14"	"OK"
"20251022独门对称战法看透主力真实意图（周三晚八）"	"20251022独门对称战法看透主力真实意图（周三晚八）\直播回放_2025-10-22_20-03-49_summary\notes.md"	"21.8"	"17"	"OK"
"20250430"	"20250430\20250430(20点)(1)_summary\notes.md"	"21.4"	"16"	"OK"
"20250712加餐聊会儿"	"20250712加餐聊会儿\直播回放_2025-07-12_22-44-59_summary\notes.md"	"21.4"	"13"	"OK"
"20251208老主线的新叙事！"	"20251208老主线的新叙事！\zettaranc Z哥 充电直播回放_summary\notes.md"	"21.3"	"20"	"OK"
"20250813内部交流"	"20250813内部交流\直播回放_2025-08-14_00-01-12_summary\notes.md"	"21.1"	"18"	"OK"
"20250813内部交流"	"20250813内部交流\直播回放_2025-08-13_20-01-04_summary\notes.md"	"21.1"	"33"	"OK"
"20251006三大高爆发力的B2买入法（10.6晚八）"	"20251006三大高爆发力的B2买入法（10.6晚八）\直播回放_2025-10-07_02-00-27_summary\notes.md"	"21"	"15"	"OK"
"20260219 进阶】如何大幅提高选股的成功率"	"20260219 进阶】如何大幅提高选股的成功率\zettaranc  Z哥 b站充电直播回放2_summary\notes.md"	"21"	"15"	"OK"
"20251020枪林弹雨的十月该如何应对？（周日晚八）"	"20251020枪林弹雨的十月该如何应对？（周日晚八）\直播回放_2025-10-20_00-15-40_summary\notes.md"	"21"	"15"	"OK"
"20250625特训坑里起好货"	"20250625特训坑里起好货\直播回放_2025-06-25_23-44-44_summary\notes.md"	"20.9"	"15"	"OK"
"20250806大盘调整期如何找到强壮宝宝（周三晚八开）"	"20250806大盘调整期如何找到强壮宝宝（周三晚八开）\直播回放_2025-08-07_00-03-35_summary\notes.md"	"20.9"	"14"	"OK"
"20251201msfdc~"	"20251201msfdc~\zettaranc充电直播回放_summary\notes.md"	"20.8"	"15"	"OK"
"20250730重要的防卖飞策略（周三晚八）"	"20250730重要的防卖飞策略（周三晚八）\直播回放_2025-07-31_00-00-42_summary\notes.md"	"20.6"	"14"	"OK"
"20251123蛋比时间~"	"20251123蛋比时间~\zettaranc充电直播回放_summary\notes.md"	"20.6"	"15"	"OK"
"20250423"	"20250423\20250423第二部分(21点42分)_summary\notes.md"	"20.6"	"15"	"OK"
"20251112仓位管理如何大幅提升赚钱效率（周三晚8）"	"20251112仓位管理如何大幅提升赚钱效率（周三晚8）\直播回放_2025-11-12_20-01-23_summary\notes.md"	"20.4"	"15"	"OK"
"20251110扯会儿淡~"	"20251110扯会儿淡~\10 点_summary\notes.md"	"20.4"	"15"	"OK"
"20250601端午特训第二期"	"20250601端午特训第二期\直播回放_2025-06-01_20-49-56_summary\notes.md"	"20.3"	"23"	"OK"
"20251027牛市里的三大散户魔咒（周日晚九半）"	"20251027牛市里的三大散户魔咒（周日晚九半）\11 点_summary\notes.md"	"20.1"	"15"	"OK"
"20260316 先破坏，再建设。（周日晚八）"	"20260316 先破坏，再建设。（周日晚八）\zettaranc b站充电直播回放1_summary\notes.md"	"20.1"	"15"	"OK"
"20251203交易中如何调整“手紧手松”？（周三晚八）"	"20251203交易中如何调整“手紧手松”？（周三晚八）\zettaranc充电直播回放3_summary\notes.md"	"20"	"15"	"OK"
"20250907九月锦囊+二楼（周日晚八开）"	"20250907九月锦囊+二楼（周日晚八开）\直播回放_2025-09-07_23-10-16_summary\notes.md"	"20"	"15"	"OK"
"20260404 二楼补钟：重要一课"	"20260404 二楼补钟：重要一课\zettaranc b站充电直播回放1_summary\notes.md"	"19.8"	"15"	"OK"
"20251110扯会儿淡~"	"20251110扯会儿淡~\8 点_summary\notes.md"	"19.7"	"0"	"OK"
"20250611特训（周三晚八）"	"20250611特训（周三晚八）\直播回放_2025-06-11_23-59-45_summary\notes.md"	"19.6"	"13"	"OK"
"20250611特训（周三晚八）"	"20250611特训（周三晚八）\直播回放_2025-06-11_21-59-41_summary\notes.md"	"19.6"	"21"	"OK"
"20251112仓位管理如何大幅提升赚钱效率（周三晚8）"	"20251112仓位管理如何大幅提升赚钱效率（周三晚8）\直播回放_2025-11-12_22-01-27_summary\notes.md"	"19.4"	"12"	"OK"
"20260114  打窝结束！如何变阵？"	"20260114  打窝结束！如何变阵？\zettaranc Z哥 B站充电直播回放2_summary\notes.md"	"19.3"	"0"	"OK"
"20260114  打窝结束！如何变阵？"	"20260114  打窝结束！如何变阵？\zettaranc Z哥 B站充电直播回放 1_summary\notes.md"	"19.3"	"15"	"OK"
"20251210成交量与股价最真实的关系 （周三晚八）"	"20251210成交量与股价最真实的关系 （周三晚八）\zettaranc Z哥 充电直播回放3_summary\notes.md"	"19.3"	"11"	"OK"
"20250709大富翁之夜交易的节奏（晚八开）"	"20250709大富翁之夜交易的节奏（晚八开）\直播回放_2025-07-09_22-00-19_summary\notes.md"	"19.3"	"14"	"OK"
"20251012川子又来搞事情了？（周日晚八）"	"20251012川子又来搞事情了？（周日晚八）\二楼 12 点半_summary\notes.md"	"19.1"	"12"	"OK"
"20251112仓位管理如何大幅提升赚钱效率（周三晚8）"	"20251112仓位管理如何大幅提升赚钱效率（周三晚8）\直播回放_2025-11-13_00-01-31_summary\notes.md"	"19"	"15"	"OK"
"20251203交易中如何调整“手紧手松”？（周三晚八）"	"20251203交易中如何调整“手紧手松”？（周三晚八）\zettaranc充电直播回放1_summary\notes.md"	"18.8"	"15"	"OK"
"20260412下阶段主线与支线"	"20260412下阶段主线与支线\20260412第3部分_summary\notes.md"	"18.7"	"15"	"OK"
"20251027牛市里的三大散户魔咒（周日晚九半）"	"20251027牛市里的三大散户魔咒（周日晚九半）\上二楼 01.17-.02.16_summary\notes.md"	"18.6"	"13"	"OK"
"20251020枪林弹雨的十月该如何应对？（周日晚八）"	"20251020枪林弹雨的十月该如何应对？（周日晚八）\10点_summary\notes.md"	"18.4"	"13"	"OK"
"20250824牛市未来如何逃顶？（周日晚八）"	"20250824牛市未来如何逃顶？（周日晚八）\直播回放_2025-08-24_23-22-45_summary\notes.md"	"18.4"	"11"	"OK"
"20251119为你的“知行合一账户”充值～（周三晚八）"	"20251119为你的“知行合一账户”充值～（周三晚八）\直播回放_2025-11-19_22-00-28_summary\notes.md"	"18.4"	"15"	"OK"
"20260415知行交易模块总结"	"20260415知行交易模块总结\2026-04-15_第5部分正题_summary\notes.md"	"18.4"	"13"	"OK"
"20251105期中考试（周三晚八）"	"20251105期中考试（周三晚八）\直播回放_2025-11-05_20-00-44_summary\notes.md"	"18.4"	"15"	"OK"
"20250903今天才有点儿内个意思~（周三晚八开）"	"20250903今天才有点儿内个意思~（周三晚八开）\直播回放_2025-09-03_20-00-17_summary\notes.md"	"18.3"	"14"	"OK"
"20251224底部暴力K线擒大牛"	"20251224底部暴力K线擒大牛\zettaranc 充电直播回放_summary\notes.md"	"18.3"	"11"	"OK"
"20250611特训（周三晚八）"	"20250611特训（周三晚八）\直播回放_2025-06-11_19-59-34_summary\notes.md"	"18.2"	"15"	"OK"
"20251103下一个“比亚迪”在哪里？（周日晚八）"	"20251103下一个“比亚迪”在哪里？（周日晚八）\8 点_summary\notes.md"	"18.2"	"15"	"OK"
"20260112 当前行情下5种散户常犯错误！（周日晚八）"	"20260112 当前行情下5种散户常犯错误！（周日晚八）\zettaranc Z哥 充电直播回放_summary\notes.md"	"18.2"	"11"	"OK"
"20251012川子又来搞事情了？（周日晚八）"	"20251012川子又来搞事情了？（周日晚八）\直播回放_2025-10-12_23-30-49_summary\notes.md"	"18.2"	"0"	"OK"
"20260204  当前环境下最好的交易策略~"	"20260204  当前环境下最好的交易策略~\zettaranc Z哥 b站充电直播回放1_summary\notes.md"	"18"	"14"	"OK"
"20250716百战案例砸实基本功（晚八点半开）"	"20250716百战案例砸实基本功（晚八点半开）\直播回放_2025-07-16_20-12-21_summary\notes.md"	"18"	"15"	"OK"
"20250423"	"20250423\20250423第三部分（23：10）_summary\notes.md"	"18"	"15"	"OK"
"20250531端午特训第一期"	"20250531端午特训第一期\直播回放_2025-05-31_21-58-15_summary\notes.md"	"17.9"	"0"	"OK"
"20250806大盘调整期如何找到强壮宝宝（周三晚八开）"	"20250806大盘调整期如何找到强壮宝宝（周三晚八开）\直播回放_2025-08-06_22-03-31_summary\notes.md"	"17.8"	"14"	"OK"
"20250824牛市未来如何逃顶？（周日晚八）"	"20250824牛市未来如何逃顶？（周日晚八）\12点半_summary\notes.md"	"17.7"	"10"	"OK"
"20250813内部交流"	"20250813内部交流\直播回放_2025-08-13_22-01-08_summary\notes.md"	"17.7"	"12"	"OK"
"20250709大富翁之夜交易的节奏（晚八开）"	"20250709大富翁之夜交易的节奏（晚八开）\直播回放_2025-07-10_00-00-23_summary\notes.md"	"17.7"	"15"	"OK"
"20260404重要一课（周六晚八）"	"20260404重要一课（周六晚八）\2026-04-04第2部分（开讲）_summary\notes.md"	"17.6"	"13"	"OK"
"20250917主力出货的五种经典方式（周三晚八开）"	"20250917主力出货的五种经典方式（周三晚八开）\直播回放_2025-09-17_20-01-14_summary\notes.md"	"17.6"	"14"	"OK"
"20250910牛市偷懒法～（周三晚八开）"	"20250910牛市偷懒法～（周三晚八开）\直播回放_2025-09-10_20-01-05_summary\notes.md"	"17.5"	"19"	"OK"
"20251103下一个“比亚迪”在哪里？（周日晚八）"	"20251103下一个“比亚迪”在哪里？（周日晚八）\9 点_summary\notes.md"	"17.5"	"15"	"OK"
"20260406"	"20260406\20260406二楼第2部分_summary\notes.md"	"17.5"	"13"	"OK"
"20251022独门对称战法看透主力真实意图（周三晚八）"	"20251022独门对称战法看透主力真实意图（周三晚八）\直播回放_2025-10-23_00-03-57_summary\notes.md"	"17.4"	"14"	"OK"
"20251022独门对称战法看透主力真实意图（周三晚八）"	"20251022独门对称战法看透主力真实意图（周三晚八）\直播回放_2025-10-22_22-03-53_summary\notes.md"	"17.3"	"17"	"OK"
"20260107 B2买点案例精讲（周三晚八）"	"20260107 B2买点案例精讲（周三晚八）\B站 zettaranc 直播回放1_summary\notes.md"	"17.3"	"15"	"OK"
"20250906厦门二楼~"	"20250906厦门二楼~\直播回放_2025-09-06_00-48-41_summary\notes.md"	"17.3"	"15"	"OK"
"20251103下一个“比亚迪”在哪里？（周日晚八）"	"20251103下一个“比亚迪”在哪里？（周日晚八）\二楼 1 点半-2 点_summary\notes.md"	"17.2"	"15"	"OK"
"20250922全网独家解析大A暗战！"	"20250922全网独家解析大A暗战！\直播回放_2025-09-22_00-27-12_summary\notes.md"	"17.2"	"13"	"OK"
"20251012川子又来搞事情了？（周日晚八）"	"20251012川子又来搞事情了？（周日晚八）\20.37-21.38_summary\notes.md"	"17.1"	"15"	"OK"
"20251110扯会儿淡~"	"20251110扯会儿淡~\直播回放_2025-11-10_00-04-50_summary\notes.md"	"17"	"15"	"OK"
"20250806大盘调整期如何找到强壮宝宝（周三晚八开）"	"20250806大盘调整期如何找到强壮宝宝（周三晚八开）\直播回放_2025-08-06_20-00-07_summary\notes.md"	"17"	"15"	"OK"
"20250702（周三晚8）"	"20250702（周三晚8）\直播回放_2025-07-02_20-00-19_summary\notes.md"	"16.9"	"14"	"OK"
"20250618创新药五大方向（周三晚九开"	"20250618创新药五大方向（周三晚九开\直播回放_2025-06-19_00-50-28_summary\notes.md"	"16.9"	"15"	"OK"
"20250618创新药五大方向（周三晚九开"	"20250618创新药五大方向（周三晚九开\直播回放_2025-06-18_20-50-20_summary\notes.md"	"16.9"	"15"	"OK"
"20251119为你的“知行合一账户”充值～（周三晚八）"	"20251119为你的“知行合一账户”充值～（周三晚八）\直播回放_2025-11-19_20-00-24_summary\notes.md"	"16.8"	"15"	"OK"
"20251029沉舟千帆，步步为营。（周三晚八）"	"20251029沉舟千帆，步步为营。（周三晚八）\直播回放2025-10-29-02_summary\notes.md"	"16.8"	"15"	"OK"
"20260105 中国消费：谁先变革谁早超生！（日晚八）"	"20260105 中国消费：谁先变革谁早超生！（日晚八）\B站 zettaranc 充电直播回放_summary\notes.md"	"16.7"	"12"	"OK"
"20260408筹码理论在当今A股的应用"	"20260408筹码理论在当今A股的应用\20260408第4部分正课_summary\notes.md"	"16.7"	"15"	"OK"
"20251027牛市里的三大散户魔咒（周日晚九半）"	"20251027牛市里的三大散户魔咒（周日晚九半）\直播回放_2025-10-27_01-00-58_summary\notes.md"	"16.6"	"15"	"OK"
"20250625特训坑里起好货"	"20250625特训坑里起好货\直播回放_2025-06-25_21-44-40_summary\notes.md"	"16.6"	"15"	"OK"
"20250922全网独家解析大A暗战！"	"20250922全网独家解析大A暗战！\10.37-11.37_summary\notes.md"	"16.5"	"16"	"OK"
"20260404重要一课（周六晚八）"	"20260404重要一课（周六晚八）\2026-04-04第7部分（纯闲聊了）_summary\notes.md"	"16.4"	"15"	"OK"
"20251029沉舟千帆，步步为营。（周三晚八）"	"20251029沉舟千帆，步步为营。（周三晚八）\直播回放_2025-10-30_00-01-11_summary\notes.md"	"16.4"	"13"	"OK"
"20251103下一个“比亚迪”在哪里？（周日晚八）"	"20251103下一个“比亚迪”在哪里？（周日晚八）\直播回放_2025-11-03_00-33-12_summary\notes.md"	"16.4"	"11"	"OK"
"20250723麒麟会如何运作一个票？（周三晚八）"	"20250723麒麟会如何运作一个票？（周三晚八）\直播回放_2025-07-24_00-10-33_summary\notes.md"	"16.2"	"14"	"OK"
"20251210成交量与股价最真实的关系 （周三晚八）"	"20251210成交量与股价最真实的关系 （周三晚八）\zettaranc Z哥 充电直播回放1_summary\notes.md"	"16.2"	"15"	"OK"
"20260311九篇心法精讲（十年后版） 周三晚九"	"20260311九篇心法精讲（十年后版） 周三晚九\Z哥 b站充电直播回放2_summary\notes.md"	"16.2"	"14"	"OK"
"20250702（周三晚8）"	"20250702（周三晚8）\直播回放_2025-07-03_00-00-27_summary\notes.md"	"16.1"	"12"	"OK"
"20250907九月锦囊+二楼（周日晚八开）"	"20250907九月锦囊+二楼（周日晚八开）\直播回放_2025-09-08_01-10-20_summary\notes.md"	"16.1"	"12"	"OK"
"20260309补充两个重要技能点"	"20260309补充两个重要技能点\Z哥b站充电直播回放1_summary\notes.md"	"16"	"15"	"OK"
"20250430"	"20250430\20250430(22点）_summary\notes.md"	"16"	"15"	"OK"
"20250910牛市偷懒法～（周三晚八开）"	"20250910牛市偷懒法～（周三晚八开）\直播回放_2025-09-11_00-01-13_summary\notes.md"	"16"	"14"	"OK"
"20250716百战案例砸实基本功（晚八点半开）"	"20250716百战案例砸实基本功（晚八点半开）\直播回放_2025-07-16_22-12-25_summary\notes.md"	"15.9"	"14"	"OK"
"20260406"	"20260406\【全章节标注+弹幕版】【Z哥录播】2026-4-6 扯淡局 - 4.p4(Av116358046025666,P4)_summary\notes.md"	"15.9"	"15"	"OK"
"20251027牛市里的三大散户魔咒（周日晚九半）"	"20251027牛市里的三大散户魔咒（周日晚九半）\9 点_summary\notes.md"	"15.9"	"15"	"OK"
"20250531端午特训第一期"	"20250531端午特训第一期\直播回放_2025-05-31_23-58-19_summary\notes.md"	"15.9"	"10"	"OK"
"20260304 为什么又被炸成德A兰？（周三晚八）"	"20260304 为什么又被炸成德A兰？（周三晚八）\Z哥充电直播回放2_summary\notes.md"	"15.9"	"16"	"OK"
"20251027牛市里的三大散户魔咒（周日晚九半）"	"20251027牛市里的三大散户魔咒（周日晚九半）\12 点_summary\notes.md"	"15.9"	"15"	"OK"
"20250824牛市未来如何逃顶？（周日晚八）"	"20250824牛市未来如何逃顶？（周日晚八）\10点半_summary\notes.md"	"15.8"	"15"	"OK"
"20260429三种常用战法摸底考"	"20260429三种常用战法摸底考\2026-04-29_20-34-36_summary\notes.md"	"15.8"	"12"	"OK"
"20260311九篇心法精讲（十年后版） 周三晚九"	"20260311九篇心法精讲（十年后版） 周三晚九\Z哥 b站充电直播回放1_summary\notes.md"	"15.8"	"14"	"OK"
"20260429三种常用战法摸底考"	"20260429三种常用战法摸底考\2026-04-29_22-29-34_summary\notes.md"	"15.7"	"15"	"OK"
"20251006三大高爆发力的B2买入法（10.6晚八）"	"20251006三大高爆发力的B2买入法（10.6晚八）\直播回放_2025-10-06_20-00-15_summary\notes.md"	"15.7"	"15"	"OK"
"20251221茶人小叙~"	"20251221茶人小叙~\zettaranc充电直播回放_summary\notes.md"	"15.7"	"15"	"OK"
"20260318砖型图的核心用法（周三晚八）"	"20260318砖型图的核心用法（周三晚八）\zettaranc b站充电直播回放1_summary\notes.md"	"15.6"	"16"	"OK"
"20251004双线战法的核心逻辑（10.4晚八开）"	"20251004双线战法的核心逻辑（10.4晚八开）\直播回放_2025-10-04_22-00-37_summary\notes.md"	"15.6"	"15"	"OK"
"20260426从产业资本看投资"	"20260426从产业资本看投资\2026-04-27_01-24-43_summary\notes.md"	"15.6"	"15"	"OK"
"20251214扯淡局~"	"20251214扯淡局~\zettaranc 充电直播回放1_summary\notes.md"	"15.6"	"15"	"OK"
"20250819如何买到当日最强？（周二晚八开）"	"20250819如何买到当日最强？（周二晚八开）\直播回放_2025-08-19_20-00-34_summary\notes.md"	"15.6"	"15"	"OK"
"20250720闭门会bbb"	"20250720闭门会bbb\直播回放_2025-07-21_01-15-17_summary\notes.md"	"15.5"	"15"	"OK"
"20250824牛市未来如何逃顶？（周日晚八）"	"20250824牛市未来如何逃顶？（周日晚八）\11点半_summary\notes.md"	"15.4"	"15"	"OK"
"20250831神仙打架我散如何应对？（周日晚九点半开）"	"20250831神仙打架我散如何应对？（周日晚九点半开）\直播回放_2025-08-31_23-45-42_summary\notes.md"	"15.4"	"16"	"OK"
"20250723麒麟会如何运作一个票？（周三晚八）"	"20250723麒麟会如何运作一个票？（周三晚八）\直播回放_2025-07-23_22-10-29_summary\notes.md"	"15.4"	"12"	"OK"
"20260419如何从产业视角看投资"	"20260419如何从产业视角看投资\20260419二楼第1部分_summary\notes.md"	"15.4"	"15"	"OK"
"20260220瑜伽裤战法"	"20260220瑜伽裤战法\zettaranc Z哥 b站充电直播回放2_summary\notes.md"	"15.4"	"17"	"OK"
"20251004双线战法的核心逻辑（10.4晚八开）"	"20251004双线战法的核心逻辑（10.4晚八开）\直播回放_2025-10-05_02-00-45_summary\notes.md"	"15.4"	"14"	"OK"
"20251020枪林弹雨的十月该如何应对？（周日晚八）"	"20251020枪林弹雨的十月该如何应对？（周日晚八）\11 点_summary\notes.md"	"15.4"	"15"	"OK"
"20250827指数贡献策略防踏空（周三晚八）"	"20250827指数贡献策略防踏空（周三晚八）\直播回放_2025-08-27_20-03-06_summary\notes.md"	"15.3"	"14"	"OK"
"20251015关键K的重要价值（周三晚八）"	"20251015关键K的重要价值（周三晚八）\直播回放_2025-10-15_22-01-15_summary\notes.md"	"15.3"	"13"	"OK"
"20260219 进阶】如何大幅提高选股的成功率"	"20260219 进阶】如何大幅提高选股的成功率\zettaranc Z哥 b站充电回放3_summary\notes.md"	"15.3"	"15"	"OK"
"20251110扯会儿淡~"	"20251110扯会儿淡~\11 点_summary\notes.md"	"15.2"	"12"	"OK"
"20250430"	"20250430\20250430(20点)_summary\notes.md"	"15.2"	"14"	"OK"
"20250430"	"20250430\20250430(零点)_summary\notes.md"	"15.2"	"15"	"OK"
"20260209务必高度重视川子喊单10万点~"	"20260209务必高度重视川子喊单10万点~\zettaranc Z哥 b站充电直播回放_summary\notes.md"	"15.1"	"15"	"OK"
"20250430"	"20250430\20250430(23点)_summary\notes.md"	"15"	"15"	"OK"
"20250601端午特训第二期"	"20250601端午特训第二期\直播回放_2025-06-01_19-59-18_summary\notes.md"	"14.9"	"15"	"OK"
"20250922全网独家解析大A暗战！"	"20250922全网独家解析大A暗战！\00.28-01.29 上二楼_summary\notes.md"	"14.9"	"14"	"OK"
"20260406"	"20260406\【全章节标注+弹幕版】【Z哥录播】2026-4-6 扯淡局 - 3.p3(Av116358046025666,P3)_summary\notes.md"	"14.9"	"0"	"OK"
"20251231最难一课之击穿对手盘！"	"20251231最难一课之击穿对手盘！\zettaranc充电直播回放2_summary\notes.md"	"14.9"	"15"	"OK"
"20260406"	"20260406\【全章节标注+弹幕版】【Z哥录播】2026-4-6 扯淡局 - 5.p5(Av116358046025666,P5)_summary\notes.md"	"14.8"	"15"	"OK"
"20250924散户都给我删掉这五种思维！（周三晚八开）"	"20250924散户都给我删掉这五种思维！（周三晚八开）\直播回放_2025-09-24_22-01-03_summary\notes.md"	"14.8"	"15"	"OK"
"20260204  当前环境下最好的交易策略~"	"20260204  当前环境下最好的交易策略~\zettaranc Z哥 b站充电直播回放3_summary\notes.md"	"14.6"	"14"	"OK"
"20250910牛市偷懒法～（周三晚八开）"	"20250910牛市偷懒法～（周三晚八开）\直播回放_2025-09-10_22-01-09_summary\notes.md"	"14.6"	"0"	"OK"
"20250720闭门会bbb"	"20250720闭门会bbb\直播回放_2025-07-20_23-15-13_summary\notes.md"	"14.5"	"11"	"OK"
"20250507"	"20250507\20250507(8点)_summary\notes.md"	"14.5"	"14"	"OK"
"20251029沉舟千帆，步步为营。（周三晚八）"	"20251029沉舟千帆，步步为营。（周三晚八）\直播回放_2025-10-29-01_summary\notes.md"	"14.5"	"15"	"OK"
"20260404重要一课（周六晚八）"	"20260404重要一课（周六晚八）\2026-04-04第6部分_summary\notes.md"	"14.4"	"14"	"OK"
"20251210成交量与股价最真实的关系 （周三晚八）"	"20251210成交量与股价最真实的关系 （周三晚八）\zettaranc Z哥 充电直播回放2_summary\notes.md"	"14.3"	"15"	"OK"
"20260408筹码理论在当今A股的应用"	"20260408筹码理论在当今A股的应用\2026040第6部分_summary\notes.md"	"14.3"	"15"	"OK"
"20250914如何做一位斗牛士？（周日晚八点十分）"	"20250914如何做一位斗牛士？（周日晚八点十分）\直播回放_2025-09-14_23-31-23_summary\notes.md"	"14.2"	"13"	"OK"
"20251020枪林弹雨的十月该如何应对？（周日晚八）"	"20251020枪林弹雨的十月该如何应对？（周日晚八）\1 点 二楼_summary\notes.md"	"14.2"	"10"	"OK"
"20260325 砖型图的三种定式（周三晚7点30）"	"20260325 砖型图的三种定式（周三晚7点30）\zettaranc b站充电直播回放1_summary\notes.md"	"14.2"	"14"	"OK"
"20251116重点板块视察~"	"20251116重点板块视察~\zettaranc直播回放_2025-11-16_summary\notes.md"	"14.2"	"13"	"OK"
"20260404重要一课（周六晚八）"	"20260404重要一课（周六晚八）\2026-04-04第4部分_summary\notes.md"	"14.1"	"10"	"OK"
"20260412下阶段主线与支线"	"20260412下阶段主线与支线\20260412第5部分_summary\notes.md"	"14"	"15"	"OK"
"20250709大富翁之夜交易的节奏（晚八开）"	"20250709大富翁之夜交易的节奏（晚八开）\直播回放_2025-07-09_20-00-15_summary\notes.md"	"13.8"	"15"	"OK"
"20260422MACD"	"20260422MACD\2026-04-22_第4部分下半场开始_summary\notes.md"	"13.8"	"11"	"OK"
"20250924散户都给我删掉这五种思维！（周三晚八开）"	"20250924散户都给我删掉这五种思维！（周三晚八开）\直播回放_2025-09-24_20-00-59_summary\notes.md"	"13.8"	"14"	"OK"
"20251203交易中如何调整“手紧手松”？（周三晚八）"	"20251203交易中如何调整“手紧手松”？（周三晚八）\zettaranc充电直播回放2_summary\notes.md"	"13.8"	"14"	"OK"
"20260406"	"20260406\20260406二楼第1部分_summary\notes.md"	"13.8"	"13"	"OK"
"20250507"	"20250507\20250507(9点）_summary\notes.md"	"13.8"	"15"	"OK"
"20250531端午特训第一期"	"20250531端午特训第一期\直播回放_2025-05-31_19-58-11_summary\notes.md"	"13.7"	"13"	"OK"
"20260415知行交易模块总结"	"20260415知行交易模块总结\2026-04-15_第1部分_summary\notes.md"	"13.7"	"10"	"OK"
"20260322 砍柴，挑水，做饭"	"20260322 砍柴，挑水，做饭\zettaranc b站充电直播_summary\notes.md"	"13.6"	"13"	"OK"
"20250712加餐聊会儿"	"20250712加餐聊会儿\直播回放_2025-07-12_20-44-55_summary\notes.md"	"13.6"	"12"	"OK"
"20260408筹码理论在当今A股的应用"	"20260408筹码理论在当今A股的应用\20260408第5部分正课_summary\notes.md"	"13.6"	"9"	"OK"
"20250514"	"20250514\20250514第三部分_summary\notes.md"	"13.5"	"13"	"OK"
"20250507"	"20250507\20250507(12点）_summary\notes.md"	"13.5"	"15"	"OK"
"20251105期中考试（周三晚八）"	"20251105期中考试（周三晚八）\直播回放_2025-11-05_22-00-48_summary\notes.md"	"13.5"	"10"	"OK"
"20260426从产业资本看投资"	"20260426从产业资本看投资\2026-04-27_03-24-42_summary\notes.md"	"13.5"	"0"	"OK"
"20251004双线战法的核心逻辑（10.4晚八开）"	"20251004双线战法的核心逻辑（10.4晚八开）\直播回放_2025-10-05_00-00-41_summary\notes.md"	"13.5"	"13"	"OK"
"20250917主力出货的五种经典方式（周三晚八开）"	"20250917主力出货的五种经典方式（周三晚八开）\直播回放_2025-09-18_00-01-22_summary\notes.md"	"13.4"	"15"	"OK"
"20260422MACD"	"20260422MACD\2026-04-22_第3部分案例_summary\notes.md"	"13.3"	"15"	"OK"
"20251103下一个“比亚迪”在哪里？（周日晚八）"	"20251103下一个“比亚迪”在哪里？（周日晚八）\12 点-12 点半_summary\notes.md"	"13.3"	"14"	"OK"
"20251020枪林弹雨的十月该如何应对？（周日晚八）"	"20251020枪林弹雨的十月该如何应对？（周日晚八）\8 点_summary\notes.md"	"13.3"	"15"	"OK"
"20260422MACD"	"20260422MACD\2026-04-22_第1部分_summary\notes.md"	"13.2"	"0"	"OK"
"20250730重要的防卖飞策略（周三晚八）"	"20250730重要的防卖飞策略（周三晚八）\直播回放_2025-07-30_20-00-34_summary\notes.md"	"13.2"	"15"	"OK-释义误"
"20260422MACD"	"20260422MACD\2026-04-22_第2部分正题_summary\notes.md"	"13.2"	"0"	"OK"
"20250606充电直播"	"20250606充电直播\直播回放_2025-06-06_00-37-35_summary\notes.md"	"13.1"	"14"	"OK"
"20251126Z家军之每日5步极简工作流精讲（三晚8）"	"20251126Z家军之每日5步极简工作流精讲（三晚8）\zettaranc充电直播回放1_summary\notes.md"	"13"	"0"	"OK"
"20250626填坑补充"	"20250626填坑补充\直播回放_2025-06-26_22-39-17_summary\notes.md"	"13"	"15"	"OK"
"20251009闲聊"	"20251009闲聊\直播回放_2025-10-09_00-08-57_summary\notes.md"	"12.9"	"15"	"OK"
"20260406"	"20260406\【全章节标注+弹幕版】【Z哥录播】2026-4-6 扯淡局 - 1.p1(Av116358046025666,P1)_summary\notes.md"	"12.9"	"13"	"OK"
"20250601端午特训第二期"	"20250601端午特训第二期\直播回放_2025-06-01_22-50-00_summary\notes.md"	"12.9"	"11"	"OK"
"20251105期中考试（周三晚八）"	"20251105期中考试（周三晚八）\直播回放_2025-11-06_00-00-52_summary\notes.md"	"12.9"	"15"	"OK"
"20251015关键K的重要价值（周三晚八）"	"20251015关键K的重要价值（周三晚八）\直播回放_2025-10-15_20-01-11_summary\notes.md"	"12.8"	"15"	"OK"
"20260202 喝茶聊聊天~"	"20260202 喝茶聊聊天~\zettaranc Z哥 b站充电直播回放_summary\notes.md"	"12.8"	"12"	"OK"
"20250507"	"20250507\20250507(10点）_summary\notes.md"	"12.7"	"15"	"OK"
"20260408筹码理论在当今A股的应用"	"20260408筹码理论在当今A股的应用\20260408第2部分_summary\notes.md"	"12.7"	"13"	"OK"
"20250922全网独家解析大A暗战！"	"20250922全网独家解析大A暗战！\9.36-10.37_summary\notes.md"	"12.7"	"14"	"OK"
"20251103下一个“比亚迪”在哪里？（周日晚八）"	"20251103下一个“比亚迪”在哪里？（周日晚八）\二楼 12 点半-1 点_summary\notes.md"	"12.7"	"15"	"OK"
"20251020枪林弹雨的十月该如何应对？（周日晚八）"	"20251020枪林弹雨的十月该如何应对？（周日晚八）\9 点_summary\notes.md"	"12.7"	"12"	"OK"
"20260224展望节后行情如何演绎？"	"20260224展望节后行情如何演绎？\zettaranc Z哥 b站充电直播回放_summary\notes.md"	"12.6"	"14"	"OK"
"20260408筹码理论在当今A股的应用"	"20260408筹码理论在当今A股的应用\20260408第3部分正课开始_summary\notes.md"	"12.6"	"0"	"OK"
"20251006三大高爆发力的B2买入法（10.6晚八）"	"20251006三大高爆发力的B2买入法（10.6晚八）\直播回放_2025-10-06_22-00-19_summary\notes.md"	"12.6"	"15"	"OK"
"20251126Z家军之每日5步极简工作流精讲（三晚8）"	"20251126Z家军之每日5步极简工作流精讲（三晚8）\zettaranc充电直播回放2_summary\notes.md"	"12.6"	"10"	"OK"
"20260404重要一课（周六晚八）"	"20260404重要一课（周六晚八）\2026-04-04第1部分（开场聊）_summary\notes.md"	"12.5"	"14"	"OK"
"20250601端午特训第二期"	"20250601端午特训第二期\直播回放_2025-06-02_00-50-04_summary\notes.md"	"12.5"	"15"	"OK"
"20260408筹码理论在当今A股的应用"	"20260408筹码理论在当今A股的应用\20260408第1部分_summary\notes.md"	"12.5"	"13"	"OK"
"20251110扯会儿淡~"	"20251110扯会儿淡~\二楼 2 点_summary\notes.md"	"12.4"	"14"	"OK"
"20250922全网独家解析大A暗战！"	"20250922全网独家解析大A暗战！\00.03-00.26_summary\notes.md"	"12.4"	"13"	"OK"
"20260211节前答疑时间"	"20260211节前答疑时间\zettaranc Z哥 b站充电直播回放3_summary\notes.md"	"12.3"	"15"	"OK"
"20250824牛市未来如何逃顶？（周日晚八）"	"20250824牛市未来如何逃顶？（周日晚八）\8点_summary\notes.md"	"12.3"	"14"	"OK"
"20251012川子又来搞事情了？（周日晚八）"	"20251012川子又来搞事情了？（周日晚八）\二楼 1 点半_summary\notes.md"	"12.2"	"13"	"OK"
"20260211节前答疑时间"	"20260211节前答疑时间\zettaranc Z哥 b站充电直播回放1_summary\notes.md"	"12.2"	"15"	"OK"
"20250430"	"20250430\20250430(21点)_summary\notes.md"	"12.2"	"11"	"OK"
"20260415知行交易模块总结"	"20260415知行交易模块总结\2026-04-15_第2部分闲聊_summary\notes.md"	"12.2"	"15"	"OK"
"20260406"	"20260406\【全章节标注+弹幕版】【Z哥录播】2026-4-6 扯淡局 - 2.p2(Av116358046025666,P2)_summary\notes.md"	"12.1"	"12"	"OK"
"20251103下一个“比亚迪”在哪里？（周日晚八）"	"20251103下一个“比亚迪”在哪里？（周日晚八）\10 点_summary\notes.md"	"12.1"	"13"	"OK"
"20260408筹码理论在当今A股的应用"	"20260408筹码理论在当今A股的应用\20260408第7部分纯闲聊_summary\notes.md"	"12.1"	"10"	"OK"
"20250922全网独家解析大A暗战！"	"20250922全网独家解析大A暗战！\23.36-00.01_summary\notes.md"	"12"	"12"	"OK"
"20251110扯会儿淡~"	"20251110扯会儿淡~\二楼 1 点_summary\notes.md"	"12"	"14"	"OK"
"20260429三种常用战法摸底考"	"20260429三种常用战法摸底考\2026-04-30_00-29-34_summary\notes.md"	"12"	"15"	"OK"
"20251006三大高爆发力的B2买入法（10.6晚八）"	"20251006三大高爆发力的B2买入法（10.6晚八）\直播回放_2025-10-07_00-00-23_summary\notes.md"	"12"	"15"	"OK"
"20260415知行交易模块总结"	"20260415知行交易模块总结\2026-04-15_第4部分正题_summary\notes.md"	"12"	"13"	"OK"
"20260325 砖型图的三种定式（周三晚7点30）"	"20260325 砖型图的三种定式（周三晚7点30）\zettaranc b站充电直播回放3_summary\notes.md"	"11.8"	"15"	"OK"
"20251027牛市里的三大散户魔咒（周日晚九半）"	"20251027牛市里的三大散户魔咒（周日晚九半）\上二楼 2 点_summary\notes.md"	"11.8"	"15"	"OK"
"20260325 砖型图的三种定式（周三晚7点30）"	"20260325 砖型图的三种定式（周三晚7点30）\zettaranc b站充电直播回放2_summary\notes.md"	"11.5"	"15"	"OK"
"20251012川子又来搞事情了？（周日晚八）"	"20251012川子又来搞事情了？（周日晚八）\22.30-23.06_summary\notes.md"	"11.4"	"11"	"OK"
"20260404重要一课（周六晚八）"	"20260404重要一课（周六晚八）\2026-04-04第8部分_summary\notes.md"	"11.4"	"14"	"OK"
"20251110扯会儿淡~"	"20251110扯会儿淡~\9 点_summary\notes.md"	"11"	"11"	"OK"
"20251027牛市里的三大散户魔咒（周日晚九半）"	"20251027牛市里的三大散户魔咒（周日晚九半）\10 点_summary\notes.md"	"10.9"	"15"	"OK"
"20260204  当前环境下最好的交易策略~"	"20260204  当前环境下最好的交易策略~\zettaranc Z哥 b站充电直播回放2_summary\notes.md"	"10.9"	"11"	"OK"
"20251103下一个“比亚迪”在哪里？（周日晚八）"	"20251103下一个“比亚迪”在哪里？（周日晚八）\11 点_summary\notes.md"	"10.8"	"12"	"OK"
"20250922全网独家解析大A暗战！"	"20250922全网独家解析大A暗战！\01.29-01.51 上二楼_summary\notes.md"	"10.8"	"15"	"OK"
"20260412下阶段主线与支线"	"20260412下阶段主线与支线\20260412第2部分_summary\notes.md"	"10.8"	"12"	"OK"
"20251012川子又来搞事情了？（周日晚八）"	"20251012川子又来搞事情了？（周日晚八）\22.05-22.29_summary\notes.md"	"10.5"	"10"	"OK"
"20250423"	"20250423\20250423第四部分（23：47）_summary\notes.md"	"10.5"	"13"	"OK"
"20250824牛市未来如何逃顶？（周日晚八）"	"20250824牛市未来如何逃顶？（周日晚八）\9点_summary\notes.md"	"10.4"	"14"	"OK"
"20260301 10张难看图形绝不能碰！（周日晚八）"	"20260301 10张难看图形绝不能碰！（周日晚八）\Z哥充电直播回放2_summary\notes.md"	"10.2"	"10"	"OK"
"20251020枪林弹雨的十月该如何应对？（周日晚八）"	"20251020枪林弹雨的十月该如何应对？（周日晚八）\2 点 二楼_summary\notes.md"	"10.1"	"13"	"OK"
"20251012川子又来搞事情了？（周日晚八）"	"20251012川子又来搞事情了？（周日晚八）\20.02-20.37_summary\notes.md"	"9.8"	"12"	"OK"
"20260419如何从产业视角看投资"	"20260419如何从产业视角看投资\20260419二楼第3部分_summary\notes.md"	"9.8"	"0"	"OK"
"20260429三种常用战法摸底考"	"20260429三种常用战法摸底考\2026-04-29_21-29-24-开始考题_summary\notes.md"	"9.6"	"13"	"OK"
"20251012川子又来搞事情了？（周日晚八）"	"20251012川子又来搞事情了？（周日晚八）\21.38-22.04_summary\notes.md"	"9.4"	"10"	"OK"
"20260219 进阶】如何大幅提高选股的成功率"	"20260219 进阶】如何大幅提高选股的成功率\zettaranc Z哥 b站充电直播回放1_summary\notes.md"	"9"	"10"	"OK"
"20250507"	"20250507\20250507(11点）_summary\notes.md"	"8.8"	"0"	"OK"
"20260301 10张难看图形绝不能碰！（周日晚八）"	"20260301 10张难看图形绝不能碰！（周日晚八）\Z哥b站充电直播回放1_summary\notes.md"	"8.7"	"11"	"OK"
"20250430"	"20250430\20250430(21点)(1)_summary\notes.md"	"8.4"	"9"	"OK"
"20260404重要一课（周六晚八）"	"20260404重要一课（周六晚八）\2026-04-04第9部分(下播晚安）_summary\notes.md"	"8.2"	"11"	"OK"
"20251012川子又来搞事情了？（周日晚八）"	"20251012川子又来搞事情了？（周日晚八）\23.18-23.28_summary\notes.md"	"7.3"	"8"	"OK"
"20260415知行交易模块总结"	"20260415知行交易模块总结\2026-04-15_第6部分结束_summary\notes.md"	"7.2"	"10"	"OK"
"20251027牛市里的三大散户魔咒（周日晚九半）"	"20251027牛市里的三大散户魔咒（周日晚九半）\上二楼 01.09-01.17_summary\notes.md"	"7.2"	"10"	"OK"
"20250507"	"20250507\20250507(结尾）_summary\notes.md"	"7"	"0"	"OK"
"20260426从产业资本看投资"	"20260426从产业资本看投资\2026-04-27_02-24-43_summary\notes.md"	"7"	"8"	"OK"
"20260412下阶段主线与支线"	"20260412下阶段主线与支线\20260412第1部分_summary\notes.md"	"6.8"	"9"	"OK"
"20260422MACD"	"20260422MACD\2026-04-23_第6部分_summary\notes.md"	"6.7"	"9"	"OK"
"20260415知行交易模块总结"	"20260415知行交易模块总结\2026-04-15_第3部分sc_summary\notes.md"	"6.7"	"11"	"OK"
"20260318砖型图的核心用法（周三晚八）"	"20260318砖型图的核心用法（周三晚八）\zettaranc b站充电直播回放2_summary\notes.md"	"6.3"	"7"	"OK"
"20260220瑜伽裤战法"	"20260220瑜伽裤战法\zettaranc Z哥 b站充电直播回放3_summary\notes.md"	"5.7"	"5"	"OK"
"20251217为什么说散户输在没有交易节奏（周三晚八）"	"20251217为什么说散户输在没有交易节奏（周三晚八）\zettaranc充电直播回放1_summary\notes.md"	"5.3"	"6"	"OK"
"20260419如何从产业视角看投资"	"20260419如何从产业视角看投资\20260419二楼第2部分_summary\notes.md"	"4.5"	"0"	"OK"
"20251231最难一课之击穿对手盘！"	"20251231最难一课之击穿对手盘！\zettaranc充电直播回放1_summary\notes.md"	"4.1"	"5"	"OK"
"20250514"	"20250514\20250514第四部分_summary\notes.md"	"4"	"6"	"OK"
"20260429三种常用战法摸底考"	"20260429三种常用战法摸底考\2026-04-29_23-29-34_summary\notes.md"	"3.7"	"5"	"OK"
"20260325 砖型图的三种定式（周三晚7点30）"	"20260325 砖型图的三种定式（周三晚7点30）\zettaranc b站充电直播回放4_summary\notes.md"	"3.6"	"5"	"OK"
"20260304 为什么又被炸成德A兰？（周三晚八）"	"20260304 为什么又被炸成德A兰？（周三晚八）\Z哥b站充电直播回放3_summary\notes.md"	"3.4"	"4"	"OK"
"20260404 二楼补钟：重要一课"	"20260404 二楼补钟：重要一课\zettaranc b站充电直播回放2_summary\notes.md"	"2.4"	"3"	"OK"
"20260121开枝散叶，踏准节奏"	"20260121开枝散叶，踏准节奏\zettaranc Z哥 B站充电直播回放2_summary\notes.md"	"2.2"	"2"	"OK"
"20250514"	"20250514\20250514第二部分_summary\notes.md"	"2.2"	"3"	"OK"
"20251015关键K的重要价值（周三晚八）"	"20251015关键K的重要价值（周三晚八）\直播回放_2025-10-16_00-01-19_summary\notes.md"	"1.9"	"2"	"OK"
"20260404重要一课（周六晚八）"	"20260404重要一课（周六晚八）\2026-04-04第5部分_summary\notes.md"	"0"	"0"	"OK"
"20260121开枝散叶，踏准节奏"	"20260121开枝散叶，踏准节奏\zettaranc Z哥 B站充电直播3_summary\notes.md"	"34.9"	"1"	"开头有回声"
"20250924散户都给我删掉这五种思维！（周三晚八开）"	"20250924散户都给我删掉这五种思维！（周三晚八开）\直播回放_2025-09-25_00-01-07_summary\notes.md"	"33.7"	"5"	"开头有回声"
"20260426从产业资本看投资"	"20260426从产业资本看投资\2026-04-27_00-24-33_summary\notes.md"	"33"	"1"	"开头有回声"
"20260220瑜伽裤战法"	"20260220瑜伽裤战法\zettaranc Z哥 b站充电直播回放1_summary\notes.md"	"32.7"	"1"	"开头有回声"
"20250514"	"20250514\20250514第一部分_summary\notes.md"	"32.5"	"11"	"开头有回声"
"20260412下阶段主线与支线"	"20260412下阶段主线与支线\20260412第4部分_summary\notes.md"	"32.3"	"1"	"开头有回声"
"20260107 B2买点案例精讲（周三晚八）"	"20260107 B2买点案例精讲（周三晚八）\B站 zettaranc 直播回放3_summary\notes.md"	"32.1"	"14"	"开头有回声"
"20250716百战案例砸实基本功（晚八点半开）"	"20250716百战案例砸实基本功（晚八点半开）\直播回放_2025-07-17_00-12-29_summary\notes.md"	"31.6"	"1"	"开头有回声"
"20250819如何买到当日最强？（周二晚八开）"	"20250819如何买到当日最强？（周二晚八开）\直播回放_2025-08-20_00-00-42_summary\notes.md"	"19"	"15"	"开头有回声"
"20250819如何买到当日最强？（周二晚八开）"	"20250819如何买到当日最强？（周二晚八开）\直播回放_2025-08-19_22-00-38_summary\notes.md"	"18.9"	"15"	"开头有回声"
"20250723麒麟会如何运作一个票？（周三晚八）"	"20250723麒麟会如何运作一个票？（周三晚八）\直播回放_2025-07-23_20-10-25_summary\notes.md"	"18.3"	"15"	"开头有回声"
"20251004双线战法的核心逻辑（10.4晚八开）"	"20251004双线战法的核心逻辑（10.4晚八开）\直播回放_2025-10-04_20-00-33_summary\notes.md"	"15.5"	"15"	"开头有回声"
"20260316 先破坏，再建设。（周日晚八）"	"20260316 先破坏，再建设。（周日晚八）\zettaranc b站充电直播回放2_summary\notes.md"	"35"	"0"	"整篇推理稿"
"20260330 全面推演美军若地面取胜概率（周日晚八）"	"20260330 全面推演美军若地面取胜概率（周日晚八）\zettaranc b站充电直播回放_summary\notes.md"	"34.4"	"0"	"整篇推理稿"
"20250914如何做一位斗牛士？（周日晚八点十分）"	"20250914如何做一位斗牛士？（周日晚八点十分）\直播回放_2025-09-15_01-31-27_summary\notes.md"	"33.8"	"0"	"整篇推理稿"
"20250423"	"20250423\20250423第五部分（00：01）票！_summary\notes.md"	"33.6"	"0"	"整篇推理稿"
"20250917主力出货的五种经典方式（周三晚八开）"	"20250917主力出货的五种经典方式（周三晚八开）\直播回放_2025-09-17_22-01-18_summary\notes.md"	"33.2"	"0"	"整篇推理稿"
"20251119为你的“知行合一账户”充值～（周三晚八）"	"20251119为你的“知行合一账户”充值～（周三晚八）\直播回放_2025-11-20_00-00-32_summary\notes.md"	"33.1"	"0"	"整篇推理稿"
"20250514"	"20250514\20250514第五部分_summary\notes.md"	"33"	"0"	"整篇推理稿"
"20260422MACD"	"20260422MACD\2026-04-23_第5部分_summary\notes.md"	"32.8"	"0"	"整篇推理稿"
"20251126Z家军之每日5步极简工作流精讲（三晚8）"	"20251126Z家军之每日5步极简工作流精讲（三晚8）\zettaranc充电直播回放3_summary\notes.md"	"32.2"	"0"	"整篇推理稿"
"20260107 B2买点案例精讲（周三晚八）"	"20260107 B2买点案例精讲（周三晚八）\B站 zettaranc 直播回放2_summary\notes.md"	"31.2"	"0"	"整篇推理稿"
"20251231最难一课之击穿对手盘！"	"20251231最难一课之击穿对手盘！\zettaranc充电直播回放3_summary\notes.md"	"31.1"	"0"	"整篇推理稿"
"20260318砖型图的核心用法（周三晚八）"	"20260318砖型图的核心用法（周三晚八）\zettaranc b站充电直播回放3_summary\notes.md"	"30.3"	"0"	"整篇推理稿"
"20260429三种常用战法摸底考"	"20260429三种常用战法摸底考\2026-04-30_01-29-41_summary\notes.md"	"30.2"	"0"	"整篇推理稿"
"20251217为什么说散户输在没有交易节奏（周三晚八）"	"20251217为什么说散户输在没有交易节奏（周三晚八）\zettaranc充电直播回放3_summary\notes.md"	"28.6"	"0"	"整篇推理稿"
"20260404重要一课（周六晚八）"	"20260404重要一课（周六晚八）\2026-04-04第3部分_summary\notes.md"	"12.5"	"0"	"整篇推理稿"
"20260404重要一课（周六晚八）"	"20260404重要一课（周六晚八）\2026-04-04第3部分_summary前\notes.md"	"12"	"0"	"整篇推理稿"
"20260404 二楼补钟：重要一课"	"20260404 二楼补钟：重要一课\zettaranc b站充电直播回放4_summary\notes.md"	"1.4"	"0"	"整篇推理稿"
