Session	Seg	NotesKB	TransKB	Ratio	TransEndS	NotesEndS	NotesTS	HeadLines	Struct	TimeCoveragePct	Risk	InferReason
20250423	20250423第一部分_summary	24.1	197.8	8.2	11620	11592	30	15	15	99.8		0
20250423	20250423第三部分（23：10）_summary	18.0	41.0	2.3	2184	2184	30	15	15	100.0		0
20250423	20250423第二部分(21点42分)_summary	20.6	84.1	4.1	5208	5208	30	15	15	100.0		0
20250423	20250423第五部分（00：01）票！_summary	33.6	6.7	0.2	392	420	94	25	25	107.1	A1-首行有回声	1
20250423	20250423第四部分（23：47）_summary	10.5	12.9	1.2	756	756	26	13	13	100.0		0
20250430	20250430(20点)(1)_summary	21.4	54.6	2.6	3584	112	2	16	16	3.1	A2-notes几无时间戳	0
20250430	20250430(20点)_summary	15.2	54.6	3.6	3584	3584	28	14	14	100.0		0
20250430	20250430(21点)(1)_summary	8.4	48.6	5.8	3584	1736	18	9	9	48.4	B-时间覆盖<80%	0
20250430	20250430(21点)_summary	12.2	48.6	4.0	3584	3584	22	11	11	100.0		0
20250430	20250430(22点）_summary	16.0	60.5	3.8	3584	3606	30	15	15	100.6		0
20250430	20250430(23点)_summary	15.0	50.2	3.4	3528	3528	30	15	15	100.0		0
20250430	20250430(零点)_summary	15.2	37.7	2.5	2716	2716	30	15	15	100.0		0
20250507	20250507(10点）_summary	12.7	57.0	4.5	3584	3584	30	15	15	100.0		0
20250507	20250507(11点）_summary	8.8	61.3	7.0	3584	3584	28	14	14	100.0		0
20250507	20250507(12点）_summary	13.5	59.5	4.4	3584	3584	30	15	15	100.0		0
20250507	20250507(8点)_summary	14.5	51.7	3.6	3584	3584	28	14	14	100.0		0
20250507	20250507(9点）_summary	13.8	55.6	4.0	3556	3556	30	15	15	100.0		0
20250507	20250507(结尾）_summary	7.0	5.9	0.8	364	364	26	13	13	100.0		0
20250514	20250514第一部分_summary	32.5	59.4	1.8	3584	3600	71	23	23	100.4	A1-首行有回声	1
20250514	20250514第三部分_summary	13.5	53.8	4.0	3584	3584	26	13	13	100.0		0
20250514	20250514第二部分_summary	2.2	62.4	28.4	3584	336	6	3	3	9.4	B-时间覆盖<80%	0
20250514	20250514第五部分_summary	33.0	50.0	1.5	3276	3276	42	0	0	100.0	A-整篇推理稿	1
20250514	20250514第四部分_summary	4.0	53.2	13.2	3584	644	12	6	6	18.0	B-时间覆盖<80%	0
20250531端午特训第一期	直播回放_2025-05-31_19-58-11_summary	13.7	107.2	7.8	7196	7196	26	13	13	100.0		0
20250531端午特训第一期	直播回放_2025-05-31_21-58-15_summary	17.9	104.5	5.8	7196	7196	30	15	15	100.0		0
20250531端午特训第一期	直播回放_2025-05-31_23-58-19_summary	15.9	77.9	4.9	4872	4872	20	10	10	100.0		0
20250601端午特训第二期	直播回放_2025-06-01_19-59-18_summary	14.9	45.0	3.0	2996	2996	30	15	15	100.0		0
20250601端午特训第二期	直播回放_2025-06-01_20-49-56_summary	20.3	101.2	5.0	7196	7196	46	23	23	100.0		0
20250601端午特训第二期	直播回放_2025-06-01_22-50-00_summary	12.9	109.5	8.5	7196	7196	22	11	11	100.0		0
20250601端午特训第二期	直播回放_2025-06-02_00-50-04_summary	12.5	31.4	2.5	3360	3360	30	15	15	100.0		0
20250606充电直播	直播回放_2025-06-06_00-37-35_summary	13.1	59.0	4.5	3724	3724	28	14	14	100.0		0
20250611特训（周三晚八）	直播回放_2025-06-11_19-59-34_summary	18.2	111.3	6.1	7196	7200	30	15	15	100.1		0
20250611特训（周三晚八）	直播回放_2025-06-11_21-59-41_summary	19.6	100.4	5.1	7196	7200	42	21	21	100.1		0
20250611特训（周三晚八）	直播回放_2025-06-11_23-59-45_summary	19.6	83.7	4.3	5628	5628	26	13	13	100.0		0
20250618创新药五大方向（周三晚九开	直播回放_2025-06-18_20-50-20_summary	16.9	102.6	6.1	7196	7196	30	15	15	100.0		0
20250618创新药五大方向（周三晚九开	直播回放_2025-06-18_22-50-24_summary	22.2	115.5	5.2	7196	7196	28	14	14	100.0		0
20250618创新药五大方向（周三晚九开	直播回放_2025-06-19_00-50-28_summary	16.9	54.6	3.2	4424	4424	30	15	15	100.0		0
20250625特训坑里起好货	直播回放_2025-06-25_21-44-40_summary	16.6	112.1	6.7	7196	7196	30	15	15	100.0		0
20250625特训坑里起好货	直播回放_2025-06-25_23-44-44_summary	20.9	87.3	4.2	5824	5824	30	15	15	100.0		0
20250626填坑补充	直播回放_2025-06-26_22-39-17_summary	13.0	124.3	9.6	8400	8400	30	15	15	100.0		0
20250702（周三晚8）	直播回放_2025-07-02_20-00-19_summary	16.9	113.8	6.7	7196	7200	28	14	14	100.1		0
20250702（周三晚8）	直播回放_2025-07-02_22-00-23_summary	23.2	96.5	4.2	7196	7168	30	15	15	99.6		0
20250702（周三晚8）	直播回放_2025-07-03_00-00-27_summary	16.1	74.4	4.6	6020	6020	24	12	12	100.0		1
20250709大富翁之夜交易的节奏（晚八开）	直播回放_2025-07-09_20-00-15_summary	13.8	106.2	7.7	7196	7196	30	15	15	100.0		0
20250709大富翁之夜交易的节奏（晚八开）	直播回放_2025-07-09_22-00-19_summary	19.3	98.1	5.1	7196	7200	28	14	14	100.1		0
20250709大富翁之夜交易的节奏（晚八开）	直播回放_2025-07-10_00-00-23_summary	17.7	76.5	4.3	5012	5012	30	15	15	100.0		0
20250712加餐聊会儿	直播回放_2025-07-12_20-44-55_summary	13.6	87.8	6.5	7196	7196	24	12	12	100.0		0
20250712加餐聊会儿	直播回放_2025-07-12_22-44-59_summary	21.4	58.5	2.7	4424	4424	26	13	13	100.0		0
20250716百战案例砸实基本功（晚八点半开）	直播回放_2025-07-16_20-12-21_summary	18.0	101.4	5.6	7196	7196	30	15	15	100.0		0
20250716百战案例砸实基本功（晚八点半开）	直播回放_2025-07-16_22-12-25_summary	15.9	101.3	6.4	7196	7196	28	14	14	100.0		0
20250716百战案例砸实基本功（晚八点半开）	直播回放_2025-07-17_00-12-29_summary	31.6	137.6	4.3	10052	10080	131	8	8	100.3	A1-首行有回声	1
20250720闭门会bbb	直播回放_2025-07-20_23-15-13_summary	14.5	100.4	6.9	7196	7196	22	11	11	100.0		0
20250720闭门会bbb	直播回放_2025-07-21_01-15-17_summary	15.5	57.4	3.7	3696	3696	30	15	15	100.0		0
20250723麒麟会如何运作一个票？（周三晚八）	直播回放_2025-07-23_20-10-25_summary	18.3	100.8	5.5	7196	7196	30	15	15	100.0	A1-首行有回声	1
20250723麒麟会如何运作一个票？（周三晚八）	直播回放_2025-07-23_22-10-29_summary	15.4	93.6	6.1	7196	7196	24	12	12	100.0		0
20250723麒麟会如何运作一个票？（周三晚八）	直播回放_2025-07-24_00-10-33_summary	16.2	91.0	5.6	6888	34201	29	14	14	496.5		0
20250730重要的防卖飞策略（周三晚八）	直播回放_2025-07-30_20-00-34_summary	13.2	97.6	7.4	7196	7200	30	15	15	100.1		0
20250730重要的防卖飞策略（周三晚八）	直播回放_2025-07-30_22-00-38_summary	32.8	97.3	3.0	7196	7200	111	6	6	100.1		1
20250730重要的防卖飞策略（周三晚八）	直播回放_2025-07-31_00-00-42_summary	20.6	59.9	2.9	5040	5040	28	14	14	100.0		0
20250806大盘调整期如何找到强壮宝宝（周三晚八开）	直播回放_2025-08-06_20-00-07_summary	17.0	111.0	6.5	7364	6328	30	15	15	85.9		0
20250806大盘调整期如何找到强壮宝宝（周三晚八开）	直播回放_2025-08-06_22-03-31_summary	17.8	105.1	5.9	7196	7200	28	14	14	100.1		0
20250806大盘调整期如何找到强壮宝宝（周三晚八开）	直播回放_2025-08-07_00-03-35_summary	20.9	105.5	5.0	8512	8512	28	14	14	100.0		0
20250813内部交流	直播回放_2025-08-13_20-01-04_summary	21.1	99.9	4.7	7196	7196	66	33	33	100.0		0
20250813内部交流	直播回放_2025-08-13_22-01-08_summary	17.7	92.8	5.2	7196	7200	24	12	12	100.1		0
20250813内部交流	直播回放_2025-08-14_00-01-12_summary	21.1	66.1	3.1	5852	5852	36	18	18	100.0		1
20250819如何买到当日最强？（周二晚八开）	直播回放_2025-08-19_20-00-34_summary	15.6	100.8	6.5	7196	7196	30	15	15	100.0		0
20250819如何买到当日最强？（周二晚八开）	直播回放_2025-08-19_22-00-38_summary	18.9	102.7	5.4	7196	7196	30	15	15	100.0	A1-首行有回声	1
20250819如何买到当日最强？（周二晚八开）	直播回放_2025-08-20_00-00-42_summary	19.0	126.5	6.7	9044	9044	30	15	15	100.0	A1-首行有回声	1
20250824牛市未来如何逃顶？（周日晚八）	10点半_summary	15.8	48.8	3.1	4060	4060	30	15	15	100.0		0
20250824牛市未来如何逃顶？（周日晚八）	11点半_summary	15.4	54.1	3.5	3584	3620	30	15	15	101.0		0
20250824牛市未来如何逃顶？（周日晚八）	12点半_summary	17.7	67.9	3.8	4424	4424	20	32	32	100.0		0
20250824牛市未来如何逃顶？（周日晚八）	8点_summary	12.3	55.6	4.5	3584	3584	28	14	14	100.0		0
20250824牛市未来如何逃顶？（周日晚八）	9点_summary	10.4	84.1	8.1	5180	5180	28	14	14	100.0		0
20250824牛市未来如何逃顶？（周日晚八）	直播回放_2025-08-24_23-22-45_summary	18.4	130.1	7.1	8820	8820	22	11	11	100.0		0
20250827指数贡献策略防踏空（周三晚八）	直播回放_2025-08-27_20-03-06_summary	15.3	300.7	19.7	21028	21028	28	14	14	100.0		0
20250831神仙打架我散如何应对？（周日晚九点半开）	直播回放_2025-08-31_23-45-42_summary	15.4	116.0	7.5	7868	7868	32	16	16	100.0		0
20250903今天才有点儿内个意思~（周三晚八开）	直播回放_2025-09-03_20-00-17_summary	18.3	302.0	16.5	21364	21364	28	14	14	100.0		0
20250906厦门二楼~	直播回放_2025-09-06_00-48-41_summary	17.3	149.9	8.7	9884	9884	30	15	15	100.0		0
20250907九月锦囊+二楼（周日晚八开）	直播回放_2025-09-07_23-10-16_summary	20.0	88.4	4.4	7196	7196	30	15	15	100.0		0
20250907九月锦囊+二楼（周日晚八开）	直播回放_2025-09-08_01-10-20_summary	16.1	91.5	5.7	5824	3612	24	12	12	62.0	B-时间覆盖<80%	0
20250910牛市偷懒法～（周三晚八开）	直播回放_2025-09-10_20-01-05_summary	17.5	107.8	6.2	7196	7196	38	19	19	100.0		0
20250910牛市偷懒法～（周三晚八开）	直播回放_2025-09-10_22-01-09_summary	14.6	91.9	6.3	7196	7200	30	15	15	100.1		0
20250910牛市偷懒法～（周三晚八开）	直播回放_2025-09-11_00-01-13_summary	16.0	132.6	8.3	8988	8988	28	14	14	100.0		0
20250914如何做一位斗牛士？（周日晚八点十分）	直播回放_2025-09-14_23-31-23_summary	14.2	111.0	7.8	7196	7196	26	13	13	100.0		0
20250914如何做一位斗牛士？（周日晚八点十分）	直播回放_2025-09-15_01-31-27_summary	33.8	72.4	2.1	4536	4536	87	0	0	100.0	A-整篇推理稿	1
20250917主力出货的五种经典方式（周三晚八开）	直播回放_2025-09-17_20-01-14_summary	17.6	108.3	6.1	7196	7224	32	14	14	100.4		0
20250917主力出货的五种经典方式（周三晚八开）	直播回放_2025-09-17_22-01-18_summary	33.2	105.3	3.2	7196	7196	114	7	7	100.0	A1-首行有回声	1
20250917主力出货的五种经典方式（周三晚八开）	直播回放_2025-09-18_00-01-22_summary	13.4	125.0	9.4	9268	9268	30	15	15	100.0		0
20250922全网独家解析大A暗战！	00.03-00.26_summary	12.4	21.8	1.8	1372	1372	26	13	13	100.0		0
20250922全网独家解析大A暗战！	00.28-01.29 上二楼_summary	14.9	48.2	3.2	3612	3635	28	14	14	100.6		0
20250922全网独家解析大A暗战！	01.29-01.51 上二楼_summary	10.8	21.4	2.0	1316	1316	30	15	15	100.0		0
20250922全网独家解析大A暗战！	10.37-11.37_summary	16.5	53.4	3.2	3556	3556	32	16	16	100.0		0
20250922全网独家解析大A暗战！	23.36-00.01_summary	12.0	22.7	1.9	1484	1484	24	12	12	100.0		0
20250922全网独家解析大A暗战！	9.36-10.37_summary	12.7	48.3	3.8	3612	3612	28	14	14	100.0		0
20250922全网独家解析大A暗战！	直播回放_2025-09-22_00-27-12_summary	17.2	69.7	4.1	5012	5012	26	13	13	100.0		0
20250924散户都给我删掉这五种思维！（周三晚八开）	直播回放_2025-09-24_20-00-59_summary	13.8	107.2	7.8	7196	7200	28	14	14	100.1		0
20250924散户都给我删掉这五种思维！（周三晚八开）	直播回放_2025-09-24_22-01-03_summary	14.8	105.5	7.1	7196	7196	30	15	15	100.0		0
20250924散户都给我删掉这五种思维！（周三晚八开）	直播回放_2025-09-25_00-01-07_summary	33.7	98.9	2.9	8176	8176	117	5	5	100.0	A1-首行有回声	1
20251004双线战法的核心逻辑（10.4晚八开）	直播回放_2025-10-04_20-00-33_summary	15.5	97.4	6.3	7196	7196	30	15	15	100.0	A1-首行有回声	1
20251004双线战法的核心逻辑（10.4晚八开）	直播回放_2025-10-04_22-00-37_summary	15.6	111.0	7.1	7196	7196	30	15	15	100.0		0
20251004双线战法的核心逻辑（10.4晚八开）	直播回放_2025-10-05_00-00-41_summary	13.5	92.5	6.9	7196	7056	26	13	13	98.1		0
20251004双线战法的核心逻辑（10.4晚八开）	直播回放_2025-10-05_02-00-45_summary	15.4	46.8	3.1	3248	3248	28	14	14	100.0		1
20251006三大高爆发力的B2买入法（10.6晚八）	直播回放_2025-10-06_20-00-15_summary	15.7	102.1	6.5	7196	7196	30	15	15	100.0		0
20251006三大高爆发力的B2买入法（10.6晚八）	直播回放_2025-10-06_22-00-19_summary	12.6	84.0	6.7	7196	7196	30	15	15	100.0		0
20251006三大高爆发力的B2买入法（10.6晚八）	直播回放_2025-10-07_00-00-23_summary	12.0	103.6	8.6	7196	7196	30	15	15	100.0		0
20251006三大高爆发力的B2买入法（10.6晚八）	直播回放_2025-10-07_02-00-27_summary	21.0	70.4	3.3	5012	5012	30	15	15	100.0		0
20251009闲聊	直播回放_2025-10-09_00-08-57_summary	12.9	73.9	5.7	6076	6076	30	15	15	100.0		0
20251012川子又来搞事情了？（周日晚八）	20.02-20.37_summary	9.8	28.6	2.9	2044	2044	24	12	12	100.0		0
20251012川子又来搞事情了？（周日晚八）	20.37-21.38_summary	17.1	53.4	3.1	3668	3668	30	15	15	100.0		0
20251012川子又来搞事情了？（周日晚八）	21.38-22.04_summary	9.4	21.4	2.3	1512	1512	20	10	10	100.0		0
20251012川子又来搞事情了？（周日晚八）	22.05-22.29_summary	10.5	21.4	2.0	1512	1560	20	10	10	103.2		0
20251012川子又来搞事情了？（周日晚八）	22.30-23.06_summary	11.4	34.7	3.0	2156	2156	22	11	11	100.0		0
20251012川子又来搞事情了？（周日晚八）	23.18-23.28_summary	7.3	10.7	1.5	616	616	16	8	8	100.0		0
20251012川子又来搞事情了？（周日晚八）	二楼 1 点半_summary	12.2	47.0	3.9	3220	3220	26	13	13	100.0		0
20251012川子又来搞事情了？（周日晚八）	二楼 12 点半_summary	19.1	45.7	2.4	3584	84	2	12	12	2.3	A2-notes几无时间戳	0
20251012川子又来搞事情了？（周日晚八）	直播回放_2025-10-12_23-30-49_summary	18.2	92.8	5.1	6916	6916	24	12	12	100.0		0
20251015关键K的重要价值（周三晚八）	直播回放_2025-10-15_20-01-11_summary	12.8	100.3	7.8	7196	7200	30	15	15	100.1		0
20251015关键K的重要价值（周三晚八）	直播回放_2025-10-15_22-01-15_summary	15.3	89.6	5.9	7196	7196	26	13	13	100.0		0
20251015关键K的重要价值（周三晚八）	直播回放_2025-10-16_00-01-19_summary	1.9	95.7	51.0	6552	616	4	2	2	9.4	A2-notes几无时间戳	0
20251020枪林弹雨的十月该如何应对？（周日晚八）	1 点 二楼_summary	14.2	51.5	3.6	3584	3600	20	10	10	100.4		0
20251020枪林弹雨的十月该如何应对？（周日晚八）	10点_summary	18.4	56.2	3.1	3920	3920	26	13	13	100.0		0
20251020枪林弹雨的十月该如何应对？（周日晚八）	11 点_summary	15.4	52.3	3.4	4032	4032	30	15	15	100.0		0
20251020枪林弹雨的十月该如何应对？（周日晚八）	12 点 二楼_summary	22.7	56.3	2.5	3584	3584	26	13	13	100.0		0
20251020枪林弹雨的十月该如何应对？（周日晚八）	2 点 二楼_summary	10.1	13.7	1.4	1148	1148	26	13	13	100.0		0
20251020枪林弹雨的十月该如何应对？（周日晚八）	8 点_summary	13.3	37.2	2.8	3584	3584	30	15	15	100.0		0
20251020枪林弹雨的十月该如何应对？（周日晚八）	9 点_summary	12.7	48.9	3.9	3444	3444	24	12	12	100.0		0
20251020枪林弹雨的十月该如何应对？（周日晚八）	直播回放_2025-10-20_00-15-40_summary	21.0	122.4	5.8	8428	8428	30	15	15	100.0		0
20251022独门对称战法看透主力真实意图（周三晚八）	直播回放_2025-10-22_20-03-49_summary	21.8	96.7	4.4	7196	7228	34	17	17	100.4		0
20251022独门对称战法看透主力真实意图（周三晚八）	直播回放_2025-10-22_22-03-53_summary	17.3	98.0	5.7	7196	7196	34	17	17	100.0		0
20251022独门对称战法看透主力真实意图（周三晚八）	直播回放_2025-10-23_00-03-57_summary	17.4	76.3	4.4	5628	5628	28	14	14	100.0		0
20251027牛市里的三大散户魔咒（周日晚九半）	10 点_summary	10.9	41.4	3.8	3584	3584	30	15	15	100.0		0
20251027牛市里的三大散户魔咒（周日晚九半）	11 点_summary	20.1	47.8	2.4	3584	3584	30	15	15	100.0		0
20251027牛市里的三大散户魔咒（周日晚九半）	12 点_summary	15.9	39.4	2.5	2828	2828	30	15	15	100.0		0
20251027牛市里的三大散户魔咒（周日晚九半）	9 点_summary	15.9	21.7	1.4	1764	1764	30	15	15	100.0		0
20251027牛市里的三大散户魔咒（周日晚九半）	上二楼 01.09-01.17_summary	7.2	7.9	1.1	476	476	20	10	10	100.0		0
20251027牛市里的三大散户魔咒（周日晚九半）	上二楼 01.17-.02.16_summary	18.6	55.7	3.0	3584	3600	26	13	13	100.4		0
20251027牛市里的三大散户魔咒（周日晚九半）	上二楼 2 点_summary	11.8	47.4	4.0	3108	3108	30	15	15	100.0		0
20251027牛市里的三大散户魔咒（周日晚九半）	直播回放_2025-10-27_01-00-58_summary	16.6	115.8	7.0	7672	7672	30	15	15	100.0		0
20251029沉舟千帆，步步为营。（周三晚八）	直播回放2025-10-29-02_summary	16.8	101.5	6.0	7168	7200	30	15	15	100.4		0
20251029沉舟千帆，步步为营。（周三晚八）	直播回放_2025-10-29-01_summary	14.5	99.6	6.9	7196	7196	30	15	15	100.0		0
20251029沉舟千帆，步步为营。（周三晚八）	直播回放_2025-10-30_00-01-11_summary	16.4	70.6	4.3	5264	5264	26	13	13	100.0		0
20251103下一个“比亚迪”在哪里？（周日晚八）	10 点_summary	12.1	51.5	4.3	3584	3584	26	13	13	100.0		0
20251103下一个“比亚迪”在哪里？（周日晚八）	11 点_summary	10.8	46.4	4.3	3584	3584	24	12	12	100.0		0
20251103下一个“比亚迪”在哪里？（周日晚八）	12 点-12 点半_summary	13.3	25.8	1.9	1792	1792	28	14	14	100.0		0
20251103下一个“比亚迪”在哪里？（周日晚八）	8 点_summary	18.2	47.6	2.6	3584	3584	30	15	15	100.0		0
20251103下一个“比亚迪”在哪里？（周日晚八）	9 点_summary	17.5	48.6	2.8	3584	3584	30	15	15	100.0		0
20251103下一个“比亚迪”在哪里？（周日晚八）	二楼 1 点半-2 点_summary	17.2	30.7	1.8	1932	1932	30	15	15	100.0		0
20251103下一个“比亚迪”在哪里？（周日晚八）	二楼 12 点半-1 点_summary	12.7	48.9	3.8	3584	3584	30	15	15	100.0		0
20251103下一个“比亚迪”在哪里？（周日晚八）	直播回放_2025-11-03_00-33-12_summary	16.4	79.6	4.8	5628	5628	22	11	11	100.0		0
20251105期中考试（周三晚八）	直播回放_2025-11-05_20-00-44_summary	18.4	98.6	5.4	7196	7196	30	15	15	100.0		0
20251105期中考试（周三晚八）	直播回放_2025-11-05_22-00-48_summary	13.5	73.0	5.4	7196	7196	20	10	10	100.0		0
20251105期中考试（周三晚八）	直播回放_2025-11-06_00-00-52_summary	12.9	103.4	8.0	8316	8316	30	15	15	100.0		0
20251110扯会儿淡~	10 点_summary	20.4	50.5	2.5	3584	3584	30	15	15	100.0		0
20251110扯会儿淡~	11 点_summary	15.2	34.6	2.3	2772	2772	24	12	12	100.0		0
20251110扯会儿淡~	8 点_summary	19.7	50.9	2.6	3584	3584	26	13	13	100.0		0
20251110扯会儿淡~	9 点_summary	11.0	45.5	4.1	3584	3600	22	11	11	100.4		0
20251110扯会儿淡~	二楼 1 点_summary	12.0	47.2	4.0	3584	3584	28	14	14	100.0		0
20251110扯会儿淡~	二楼 12 点_summary	22.5	39.4	1.8	3584	3584	30	15	15	100.0		0
20251110扯会儿淡~	二楼 2 点_summary	12.4	15.9	1.3	1036	1036	28	14	14	100.0		0
20251110扯会儿淡~	直播回放_2025-11-10_00-04-50_summary	17.0	102.8	6.0	8400	8400	30	15	15	100.0		0
20251112仓位管理如何大幅提升赚钱效率（周三晚8）	直播回放_2025-11-12_20-01-23_summary	20.4	93.6	4.6	7196	7112	30	15	15	98.8		0
20251112仓位管理如何大幅提升赚钱效率（周三晚8）	直播回放_2025-11-12_22-01-27_summary	19.4	91.4	4.7	7196	7196	24	12	12	100.0		0
20251112仓位管理如何大幅提升赚钱效率（周三晚8）	直播回放_2025-11-13_00-01-31_summary	19.0	63.4	3.3	5068	5068	30	15	15	100.0		0
20251116重点板块视察~	zettaranc直播回放_2025-11-16_summary	14.2	71.5	5.0	4704	4704	26	13	13	100.0		0
20251119为你的“知行合一账户”充值～（周三晚八）	直播回放_2025-11-19_20-00-24_summary	16.8	94.8	5.6	7196	7196	30	15	15	100.0		0
20251119为你的“知行合一账户”充值～（周三晚八）	直播回放_2025-11-19_22-00-28_summary	18.4	96.9	5.3	7196	7196	30	15	15	100.0		0
20251119为你的“知行合一账户”充值～（周三晚八）	直播回放_2025-11-20_00-00-32_summary	33.1	85.8	2.6	5712	5712	116	6	6	100.0	A1-首行有回声	1
20251123蛋比时间~	zettaranc充电直播回放_summary	20.6	97.4	4.7	6468	6468	30	15	15	100.0		0
20251126Z家军之每日5步极简工作流精讲（三晚8）	zettaranc充电直播回放1_summary	13.0	107.7	8.3	7196	7196	28	14	14	100.0		0
20251126Z家军之每日5步极简工作流精讲（三晚8）	zettaranc充电直播回放2_summary	12.6	84.8	6.7	7196	7196	20	10	10	100.0		0
20251126Z家军之每日5步极简工作流精讲（三晚8）	zettaranc充电直播回放3_summary	32.2	53.5	1.7	4676	4676	143	0	0	100.0	A-整篇推理稿	1
20251201msfdc~	zettaranc充电直播回放_summary	20.8	69.9	3.4	5124	5168	30	15	15	100.9		0
20251203交易中如何调整“手紧手松”？（周三晚八）	zettaranc充电直播回放1_summary	18.8	95.5	5.1	7196	7196	30	15	15	100.0		0
20251203交易中如何调整“手紧手松”？（周三晚八）	zettaranc充电直播回放2_summary	13.8	102.3	7.4	7196	7196	28	14	14	100.0		0
20251203交易中如何调整“手紧手松”？（周三晚八）	zettaranc充电直播回放3_summary	20.0	78.8	3.9	6328	6328	30	15	15	100.0		0
20251208老主线的新叙事！	zettaranc Z哥 充电直播回放_summary	21.3	66.8	3.1	5180	5180	40	20	20	100.0		0
20251210成交量与股价最真实的关系 （周三晚八）	zettaranc Z哥 充电直播回放1_summary	16.2	93.7	5.8	7196	7196	30	15	15	100.0		0
20251210成交量与股价最真实的关系 （周三晚八）	zettaranc Z哥 充电直播回放2_summary	14.3	98.6	6.9	7196	7200	30	15	15	100.1		0
20251210成交量与股价最真实的关系 （周三晚八）	zettaranc Z哥 充电直播回放3_summary	19.3	89.9	4.7	6860	6860	22	11	11	100.0		0
20251214扯淡局~	zettaranc 充电直播回放1_summary	15.6	82.3	5.3	7252	7252	30	15	15	100.0		0
20251217为什么说散户输在没有交易节奏（周三晚八）	zettaranc充电直播回放1_summary	5.3	98.0	18.4	7196	1932	12	6	6	26.8	B-时间覆盖<80%	0
20251217为什么说散户输在没有交易节奏（周三晚八）	zettaranc充电直播回放2_summary	22.8	89.7	3.9	6664	6664	26	13	13	100.0		0
20251217为什么说散户输在没有交易节奏（周三晚八）	zettaranc充电直播回放3_summary	28.6	110.7	3.9	7812	7812	30	0	0	100.0	A-整篇推理稿	1
20251221茶人小叙~	zettaranc充电直播回放_summary	15.7	137.8	8.7	10108	10108	30	15	15	100.0		0
20251224底部暴力K线擒大牛	zettaranc 充电直播回放_summary	18.3	210.4	11.5	16184	16184	22	11	11	100.0		0
20251229茶人小叙~	zettaranc充电直播回放_summary	28.5	85.6	3.0	6524	6524	92	15	15	100.0		1
20251231最难一课之击穿对手盘！	zettaranc充电直播回放1_summary	4.1	104.0	25.6	7196	1484	10	5	5	20.6	B-时间覆盖<80%	0
20251231最难一课之击穿对手盘！	zettaranc充电直播回放2_summary	14.9	100.6	6.7	7196	7196	32	15	15	100.0		0
20251231最难一课之击穿对手盘！	zettaranc充电直播回放3_summary	31.1	128.0	4.1	8988	8988	50	10	10	100.0	A1-首行有回声	1
20260105 中国消费：谁先变革谁早超生！（日晚八）	B站 zettaranc 充电直播回放_summary	16.7	49.2	2.9	3584	3584	24	12	12	100.0		0
20260107 B2买点案例精讲（周三晚八）	B站 zettaranc 直播回放1_summary	17.3	95.1	5.5	7196	7196	30	15	15	100.0		0
20260107 B2买点案例精讲（周三晚八）	B站 zettaranc 直播回放2_summary	31.2	101.5	3.3	7196	7196	71	0	0	100.0	A-整篇推理稿	1
20260107 B2买点案例精讲（周三晚八）	B站 zettaranc 直播回放3_summary	32.1	78.5	2.4	6160	6160	69	14	14	100.0	A1-首行有回声	1
20260112 当前行情下5种散户常犯错误！（周日晚八）	zettaranc Z哥 充电直播回放_summary	18.2	89.3	4.9	7476	7476	22	11	11	100.0		0
20260114  打窝结束！如何变阵？	zettaranc Z哥 B站充电直播回放 1_summary	19.3	84.0	4.4	7112	7112	30	15	15	100.0		0
20260114  打窝结束！如何变阵？	zettaranc Z哥 B站充电直播回放2_summary	19.3	133.4	6.9	9716	9716	30	15	15	100.0		0
20260121开枝散叶，踏准节奏	zettaranc Z哥 B站充电直播3_summary	34.9	63.0	1.8	5488	5488	53	1	1	100.0	A1-首行有回声	1
20260121开枝散叶，踏准节奏	zettaranc Z哥 B站充电直播回放1_summary	23.3	93.7	4.0	7196	7196	52	26	26	100.0		0
20260121开枝散叶，踏准节奏	zettaranc Z哥 B站充电直播回放2_summary	2.2	89.8	41.7	7196	1008	4	2	2	14.0	A2-notes几无时间戳	0
20260202 喝茶聊聊天~	zettaranc Z哥 b站充电直播回放_summary	12.8	129.8	10.1	9184	9184	24	12	12	100.0		0
20260204  当前环境下最好的交易策略~	zettaranc Z哥 b站充电直播回放1_summary	18.0	111.5	6.2	7196	6132	28	14	14	85.2		0
20260204  当前环境下最好的交易策略~	zettaranc Z哥 b站充电直播回放2_summary	10.9	101.7	9.3	7196	4816	22	11	11	66.9	B-时间覆盖<80%	0
20260204  当前环境下最好的交易策略~	zettaranc Z哥 b站充电直播回放3_summary	14.6	125.4	8.6	9212	6216	28	14	14	67.5	B-时间覆盖<80%	0
20260209务必高度重视川子喊单10万点~	zettaranc Z哥 b站充电直播回放_summary	15.1	102.7	6.8	7084	7084	30	15	15	100.0		0
20260211节前答疑时间	zettaranc Z哥 b站充电直播回放1_summary	12.2	103.3	8.5	7196	7200	30	15	15	100.1		0
20260211节前答疑时间	zettaranc Z哥 b站充电直播回放2_summary	24.9	105.7	4.2	7196	5096	28	14	14	70.8	B-时间覆盖<80%	0
20260211节前答疑时间	zettaranc Z哥 b站充电直播回放3_summary	12.3	65.1	5.3	4872	4872	30	15	15	100.0		0
20260219 进阶】如何大幅提高选股的成功率	zettaranc  Z哥 b站充电直播回放2_summary	21.0	81.0	3.9	7196	7196	30	15	15	100.0		0
20260219 进阶】如何大幅提高选股的成功率	zettaranc Z哥 b站充电回放3_summary	15.3	105.1	6.8	7924	7924	30	15	15	100.0		0
20260219 进阶】如何大幅提高选股的成功率	zettaranc Z哥 b站充电直播回放1_summary	9.0	99.7	11.1	7196	7196	20	10	10	100.0		0
20260220瑜伽裤战法	zettaranc Z哥 b站充电直播回放1_summary	32.7	87.9	2.7	6944	6944	80	1	1	100.0	A1-首行有回声	1
20260220瑜伽裤战法	zettaranc Z哥 b站充电直播回放2_summary	15.4	102.4	6.6	7196	7196	34	17	17	100.0		0
20260220瑜伽裤战法	zettaranc Z哥 b站充电直播回放3_summary	5.7	92.1	16.1	7196	2240	10	5	5	31.1	B-时间覆盖<80%	0
20260224展望节后行情如何演绎？	zettaranc Z哥 b站充电直播回放_summary	12.6	46.7	3.7	4816	4816	28	14	14	100.0		0
20260301 10张难看图形绝不能碰！（周日晚八）	Z哥b站充电直播回放1_summary	8.7	88.2	10.2	7196	4060	22	11	11	56.4	B-时间覆盖<80%	0
20260301 10张难看图形绝不能碰！（周日晚八）	Z哥充电直播回放2_summary	10.2	74.5	7.3	5460	3864	18	10	10	70.8	B-时间覆盖<80%	0
20260304 为什么又被炸成德A兰？（周三晚八）	Z哥b站充电直播回放1_summary	23.2	103.0	4.4	7196	7196	28	14	14	100.0		0
20260304 为什么又被炸成德A兰？（周三晚八）	Z哥b站充电直播回放3_summary	3.4	108.5	31.8	7448	1148	8	4	4	15.4	B-时间覆盖<80%	0
20260304 为什么又被炸成德A兰？（周三晚八）	Z哥充电直播回放2_summary	15.9	103.2	6.5	7196	7196	32	16	16	100.0		0
20260309补充两个重要技能点	Z哥b站充电直播回放1_summary	16.0	113.0	7.1	8820	8820	30	15	15	100.0		0
20260311九篇心法精讲（十年后版） 周三晚九	Z哥 b站充电直播回放1_summary	15.8	110.9	7.0	7196	7168	28	14	14	99.6		0
20260311九篇心法精讲（十年后版） 周三晚九	Z哥 b站充电直播回放2_summary	16.2	117.5	7.3	8456	7980	28	14	14	94.4		0
20260316 先破坏，再建设。（周日晚八）	zettaranc b站充电直播回放1_summary	20.1	88.8	4.4	7196	7196	30	15	15	100.0		1
20260316 先破坏，再建设。（周日晚八）	zettaranc b站充电直播回放2_summary	35.0	41.5	1.2	3136	3136	48	0	0	100.0	A-整篇推理稿	1
20260318砖型图的核心用法（周三晚八）	zettaranc b站充电直播回放1_summary	15.6	95.8	6.1	7196	7196	32	16	16	100.0		0
20260318砖型图的核心用法（周三晚八）	zettaranc b站充电直播回放2_summary	6.3	93.4	14.7	7196	2772	14	7	7	38.5	B-时间覆盖<80%	0
20260318砖型图的核心用法（周三晚八）	zettaranc b站充电直播回放3_summary	30.3	86.4	2.8	7056	7056	30	0	0	100.0	A-整篇推理稿	1
20260322 砍柴，挑水，做饭	zettaranc b站充电直播_summary	13.6	101.9	7.5	7252	7252	26	13	13	100.0		0
20260325 砖型图的三种定式（周三晚7点30）	zettaranc b站充电直播回放1_summary	14.2	95.2	6.7	7196	7196	28	14	14	100.0		0
20260325 砖型图的三种定式（周三晚7点30）	zettaranc b站充电直播回放2_summary	11.5	99.5	8.6	7196	7200	30	15	15	100.1		0
20260325 砖型图的三种定式（周三晚7点30）	zettaranc b站充电直播回放3_summary	11.8	66.4	5.6	6384	6384	30	15	15	100.0		0
20260325 砖型图的三种定式（周三晚7点30）	zettaranc b站充电直播回放4_summary	3.6	3.4	0.9	308	308	10	5	5	100.0		0
20260330 全面推演美军若地面取胜概率（周日晚八）	zettaranc b站充电直播回放_summary	34.4	73.3	2.1	5068	3108	67	0	0	61.3	A-整篇推理稿	1
20260404 二楼补钟：重要一课	zettaranc b站充电直播回放1_summary	19.8	89.1	4.5	7196	7196	30	15	15	100.0		0
20260404 二楼补钟：重要一课	zettaranc b站充电直播回放2_summary	2.4	90.8	37.5	7168	1400	6	3	3	19.5	B-时间覆盖<80%	0
20260404 二楼补钟：重要一课	zettaranc b站充电直播回放3_summary	24.1	94.0	3.9	7196	7196	30	15	15	100.0		0
20260404 二楼补钟：重要一课	zettaranc b站充电直播回放4_summary	1.4	96.0	66.2	8064		0	0	0		A-整篇推理稿	1
20260404重要一课（周六晚八）	2026-04-04第1部分（开场聊）_summary	12.5	44.6	3.6	3584	3584	28	14	14	100.0		0
20260404重要一课（周六晚八）	2026-04-04第2部分（开讲）_summary	17.6	44.8	2.5	3584	3584	26	13	13	100.0		0
20260404重要一课（周六晚八）	2026-04-04第3部分_summary	12.5	44.3	3.5	3584	3584	30	15	15	100.0	A1-首行有回声	1
20260404重要一课（周六晚八）	2026-04-04第3部分_summary前	12.0	43.5	3.6	3584	3192	18	9	9	89.1	A1-首行有回声	1
20260404重要一课（周六晚八）	2026-04-04第4部分_summary	14.1	46.5	3.3	3584	3599	20	10	10	100.4		0
20260404重要一课（周六晚八）	2026-04-04第5部分_summary	0.0	44.6	4147.6	3584		0	0	0		A2-notes几无时间戳	0
20260404重要一课（周六晚八）	2026-04-04第6部分_summary	14.4	49.7	3.4	3584	3600	28	14	14	100.4		0
20260404重要一课（周六晚八）	2026-04-04第7部分（纯闲聊了）_summary	16.4	42.6	2.6	3584	3556	30	15	15	99.2		0
20260404重要一课（周六晚八）	2026-04-04第8部分_summary	11.4	41.6	3.6	3584	3584	28	14	14	100.0		1
20260404重要一课（周六晚八）	2026-04-04第9部分(下播晚安）_summary	8.2	9.3	1.1	700	700	22	11	11	100.0		0
20260406	20260406二楼第1部分_summary	13.8	47.0	3.4	3584	3584	26	13	13	100.0		0
20260406	20260406二楼第2部分_summary	17.5	48.6	2.8	3304	3304	26	13	13	100.0		0
20260406	【全章节标注+弹幕版】【Z哥录播】2026-4-6 扯淡局 - 1.p1(Av116358046025666,P1)_summary	12.9	41.0	3.2	3584	3584	26	13	13	100.0		0
20260406	【全章节标注+弹幕版】【Z哥录播】2026-4-6 扯淡局 - 2.p2(Av116358046025666,P2)_summary	12.1	50.5	4.2	3584	3584	24	12	12	100.0		0
20260406	【全章节标注+弹幕版】【Z哥录播】2026-4-6 扯淡局 - 3.p3(Av116358046025666,P3)_summary	14.9	54.9	3.7	3584	3626	34	17	17	101.2		0
20260406	【全章节标注+弹幕版】【Z哥录播】2026-4-6 扯淡局 - 4.p4(Av116358046025666,P4)_summary	15.9	52.3	3.3	3584	3584	30	15	15	100.0		0
20260406	【全章节标注+弹幕版】【Z哥录播】2026-4-6 扯淡局 - 5.p5(Av116358046025666,P5)_summary	14.8	22.6	1.5	1512	1512	30	15	15	100.0		0
20260408筹码理论在当今A股的应用	20260408第1部分_summary	12.5	44.5	3.5	3584	3584	26	13	13	100.0		0
20260408筹码理论在当今A股的应用	20260408第2部分_summary	12.7	44.3	3.5	3584	3584	26	13	13	100.0		0
20260408筹码理论在当今A股的应用	20260408第3部分正课开始_summary	12.6	54.3	4.3	3584	3600	30	15	15	100.4		0
20260408筹码理论在当今A股的应用	20260408第4部分正课_summary	16.7	53.3	3.2	3584	3583	30	15	15	100.0		0
20260408筹码理论在当今A股的应用	20260408第5部分正课_summary	13.6	51.4	3.8	3584	3584	18	9	9	100.0		0
20260408筹码理论在当今A股的应用	20260408第7部分纯闲聊_summary	12.1	16.3	1.3	1652	1652	20	10	10	100.0		0
20260408筹码理论在当今A股的应用	2026040第6部分_summary	14.3	46.9	3.3	3584	3584	30	15	15	100.0		0
20260412下阶段主线与支线	20260412第1部分_summary	6.8	13.2	1.9	2128	2128	18	9	9	100.0		0
20260412下阶段主线与支线	20260412第2部分_summary	10.8	42.7	4.0	3584	3584	24	12	12	100.0		0
20260412下阶段主线与支线	20260412第3部分_summary	18.7	44.9	2.4	3584	3584	30	15	15	100.0		0
20260412下阶段主线与支线	20260412第4部分_summary	32.3	47.8	1.5	3584	3584	141	10	10	100.0	A1-首行有回声	1
20260412下阶段主线与支线	20260412第5部分_summary	14.0	42.5	3.0	3220	3220	30	15	15	100.0		0
20260415知行交易模块总结	2026-04-15_第1部分_summary	13.7	43.0	3.1	3584	3584	20	10	10	100.0		0
20260415知行交易模块总结	2026-04-15_第2部分闲聊_summary	12.2	49.6	4.1	3584	3584	30	15	15	100.0		0
20260415知行交易模块总结	2026-04-15_第3部分sc_summary	6.7	11.7	1.8	868	868	22	11	11	100.0		0
20260415知行交易模块总结	2026-04-15_第4部分正题_summary	12.0	32.1	2.7	3584	3584	26	13	13	100.0		0
20260415知行交易模块总结	2026-04-15_第5部分正题_summary	18.4	45.0	2.4	3584	3584	26	13	13	100.0		0
20260415知行交易模块总结	2026-04-15_第6部分结束_summary	7.2	9.2	1.3	756	756	20	10	10	100.0		0
20260419如何从产业视角看投资	20260419二楼第1部分_summary	15.4	39.9	2.6	3584	3584	30	15	15	100.0		0
20260419如何从产业视角看投资	20260419二楼第2部分_summary	4.5	46.3	10.3	3584	1064	8	4	4	29.7	B-时间覆盖<80%	0
20260419如何从产业视角看投资	20260419二楼第3部分_summary	9.8	26.3	2.7	2072	2072	24	12	12	100.0		0
20260422MACD	2026-04-22_第1部分_summary	13.2	45.4	3.4	3584	3584	30	15	15	100.0		0
20260422MACD	2026-04-22_第2部分正题_summary	13.2	48.3	3.7	3584	3584	22	11	11	100.0		0
20260422MACD	2026-04-22_第3部分案例_summary	13.3	45.1	3.4	3584	3584	30	15	15	100.0		0
20260422MACD	2026-04-22_第4部分下半场开始_summary	13.8	45.8	3.3	3584	3584	22	11	11	100.0		0
20260422MACD	2026-04-23_第5部分_summary	32.8	44.0	1.3	3332	3332	62	0	0	100.0	A-整篇推理稿	1
20260422MACD	2026-04-23_第6部分_summary	6.7	10.7	1.6	868	868	18	9	9	100.0		0
20260426从产业资本看投资	2026-04-27_00-24-33_summary	33.0	50.5	1.5	3584	3600	117	1	1	100.4	A1-首行有回声	1
20260426从产业资本看投资	2026-04-27_01-24-43_summary	15.6	44.6	2.9	3584	3584	30	15	15	100.0		0
20260426从产业资本看投资	2026-04-27_02-24-43_summary	7.0	48.5	7.0	3584	1792	16	8	8	50.0	B-时间覆盖<80%	0
20260426从产业资本看投资	2026-04-27_03-24-42_summary	13.5	29.7	2.2	1932	1932	20	10	10	100.0		0
20260429三种常用战法摸底考	2026-04-29_20-34-36_summary	15.8	37.4	2.4	3276	3276	24	12	12	100.0		1
20260429三种常用战法摸底考	2026-04-29_21-29-24-开始考题_summary	9.6	36.2	3.8	3584	3584	26	13	13	100.0		0
20260429三种常用战法摸底考	2026-04-29_22-29-34_summary	15.7	35.6	2.3	3584	3584	30	15	15	100.0		0
20260429三种常用战法摸底考	2026-04-29_23-29-34_summary	3.7	49.0	13.2	3584	728	10	5	5	20.3	B-时间覆盖<80%	0
20260429三种常用战法摸底考	2026-04-30_00-29-34_summary	12.0	40.8	3.4	3584	3584	30	15	15	100.0		0
20260429三种常用战法摸底考	2026-04-30_01-29-41_summary	30.2	36.0	1.2	2688	2688	141	13	13	100.0	A1-首行有回声	1
