Code	Module	Canonical	Aliases	CorpusSessions	CorpusHits	KnowFiles	KnowHits	Verdict	KnowList	Note	Source
M0	择时	活跃市值	活跃市值	54	609	12	35	已覆盖	advanced-patterns.md; framework-extraction.md; heuristics.md; indicators.md; key-candles.md; market-macro.md; position-management.md; sell-discipline.md; trading-core.md; workflow.md; reference\thresholds.md; strategies\choppy-market-sop.md		原表
M0	择时	多头区间	多头区间	17	118	2	4	薄弱	indicators.md; signal_dictionary.md		原表
M0	择时	空头区间	空头区间	19	195	5	8	已覆盖	indicators.md; life-decision-research.md; life-decision.md; position-management.md; reference\thresholds.md		原表
M0	择时	只卖不买	只卖不买	31	114	2	4	薄弱	position-management.md; reference\thresholds.md		原表
M0	择时	择时	择时	41	241	7	16	已覆盖	advanced-patterns.md; sell-discipline.md; six-tracks-2026.md; trading-core.md; macro\etf-strategy.md; reference\thresholds.md; strategies\choppy-market-sop.md		原表
M0	择时	容错率	容错率	27	72	7	8	已覆盖	advanced-patterns.md; heuristics.md; position-management.md; signal_dictionary.md; stock-glossary.md; trend-lines.md; strategies\choppy-market-sop.md		原表
M0	择时	池子	池子	23	82	2	2	薄弱	trading-core.md; strategies\choppy-market-sop.md		原表
M0	择时	主线	主线	54	313	11	39	已覆盖	business-judgment-research.md; business-judgment.md; framework-extraction.md; market-macro.md; portfolio-management.md; stock-glossary.md; trading-core.md; workflow.md; macro\etf-strategy.md; reference\thresholds.md; strategies\choppy-market-sop.md		原表
M0	择时	支线	支线	7	38	2	2	薄弱	trading-core.md; reference\thresholds.md		原表
M0	择时	备胎	备胎	5	13	0	0	★缺失			原表
M0	择时	答应	答应	6	18	2	2	薄弱	trading-core.md; reference\thresholds.md		原表
M0	择时	卡两截	卡两截	1	2	0	0	★缺失			原表
M0	择时	空仓	空仓	37	116	5	20	已覆盖	indicators.md; life-decision-research.md; life-decision.md; trading-psychology.md; strategies\choppy-market-sop.md		原表
M1	买点	B1	B1 / B一	89	2759	25	165	已覆盖	advanced-patterns.md; breathing-theory.md; four-rhythms.md; framework-extraction.md; harness.md; heuristics.md; improvement-system.md; indicators.md; iron-butterfly.md; key-candles.md; market-macro.md; portfolio-management.md; position-management.md; sell-discipline.md; signal_dictionary.md; six-tracks-2026.md; stock-glossary.md; three-best-principles.md; trading-core.md; trading-psychology.md; trend-lines.md; workflow.md; macro\etf-strategy.md; reference\thresholds.md; strategies\choppy-market-sop.md		原表
M1	买点	B2	B2 / B二	71	700	15	64	已覆盖	advanced-patterns.md; four-rhythms.md; framework-extraction.md; heuristics.md; market-macro.md; portfolio-management.md; sell-discipline.md; signal_dictionary.md; stock-glossary.md; three-best-principles.md; trading-core.md; trading-psychology.md; workflow.md; reference\thresholds.md; strategies\choppy-market-sop.md		原表
M1	买点	B3	B3 / B三	48	249	10	35	已覆盖	advanced-patterns.md; framework-extraction.md; sell-discipline.md; signal_dictionary.md; stock-glossary.md; three-best-principles.md; trading-core.md; trading-psychology.md; reference\thresholds.md; strategies\choppy-market-sop.md		原表
M1	买点	单针下三十	单针下三十	6	84	1	1	薄弱	stock-glossary.md		原表
M1	买点	单针下二十	单针下二十	21	79	1	2	薄弱	stock-glossary.md		原表
M1	买点	砖型图	砖型图 / 砖形图 / 专精图 / 专行图 / 专情图 / 专型图 / 专赢图 / 专景图 / 砖图 / 专精图体系	21	379	9	16	已覆盖	data_dictionary.md; indicators.md; life-decision-research.md; life-decision.md; portfolio-management.md; signal_dictionary.md; trading-core.md; workflow.md; strategies\choppy-market-sop.md	用户裁定 专精图=砖型图；ASR 变体实测 notes 41 次 / transcript 160 次	原表
M1	买点	SB1	SB1 / SB一	11	28	4	7	已覆盖	advanced-patterns.md; indicators.md; signal_dictionary.md; trading-core.md		原表
M1	买点	长安战法	长安战法 / 长安图	10	22	3	5	已覆盖	advanced-patterns.md; trading-core.md; strategies\choppy-market-sop.md		原表
M1	买点	第三定式	第三定式	1	2	0	0	★缺失			原表
M1	买点	上车	上车	49	119	2	2	薄弱	indicators.md; three-best-principles.md		原表
M2	止损与放飞	止损	止损	89	2074	20	94	已覆盖	advanced-patterns.md; four-rhythms.md; framework-extraction.md; harness.md; heuristics.md; indicators.md; life-decision-research.md; life-decision.md; market-macro.md; portfolio-management.md; position-management.md; sell-discipline.md; signal_dictionary.md; three-best-principles.md; trading-core.md; trading-psychology.md; trend-lines.md; workflow.md; reference\thresholds.md; strategies\choppy-market-sop.md		原表
M2	止损与放飞	放飞	放飞	65	681	5	17	已覆盖	indicators.md; trading-core.md; trading-psychology.md; trend-lines.md; strategies\choppy-market-sop.md		原表
M2	止损与放飞	没涨	没涨	36	86	3	7	已覆盖	portfolio-management.md; trading-core.md; strategies\choppy-market-sop.md		原表
M2	止损与放飞	盈转亏	盈转亏 / 赢转亏	19	61	5	11	已覆盖	sell-discipline.md; trading-core.md; trading-psychology.md; reference\thresholds.md; strategies\choppy-market-sop.md	字形分歧：语料 盈转亏 21 处 / 赢转亏 18 处；knowledge 用「盈」	原表
M2	止损与放飞	止盈	止盈	45	138	6	11	已覆盖	four-rhythms.md; indicators.md; trading-core.md; workflow.md; reference\thresholds.md; strategies\choppy-market-sop.md		原表
M2	止损与放飞	破平台	破平台	12	20	1	2	薄弱	four-rhythms.md		原表
M2	止损与放飞	前低	前低	49	209	4	7	已覆盖	signal_dictionary.md; trading-core.md; reference\thresholds.md; strategies\choppy-market-sop.md		原表
M2	止损与放飞	中长阳	中长阳	17	42	3	3	已覆盖	advanced-patterns.md; trading-core.md; strategies\choppy-market-sop.md		原表
M2	止损与放飞	减仓	减仓	72	460	14	28	已覆盖	advanced-patterns.md; exit-strategies.md; four-rhythms.md; heuristics.md; market-macro.md; portfolio-management.md; sell-discipline.md; signal_dictionary.md; six-tracks-2026.md; trading-core.md; workflow.md; macro\etf-strategy.md; reference\thresholds.md; strategies\choppy-market-sop.md		原表
M3	卖点与破位	S1	S1 / S一	54	693	13	58	已覆盖	exit-strategies.md; four-rhythms.md; framework-extraction.md; heuristics.md; indicators.md; key-candles.md; market-macro.md; sell-discipline.md; signal_dictionary.md; trading-core.md; macro\etf-strategy.md; reference\thresholds.md; strategies\choppy-market-sop.md		原表
M3	卖点与破位	滴滴	滴滴	25	100	5	15	已覆盖	indicators.md; sell-discipline.md; trading-core.md; reference\thresholds.md; strategies\choppy-market-sop.md		原表
M3	卖点与破位	阶梯量	阶梯量	34	173	1	1	薄弱	trading-core.md		原表
M3	卖点与破位	破白线	破白线	51	211	6	18	已覆盖	four-rhythms.md; heuristics.md; trading-core.md; trend-lines.md; reference\thresholds.md; strategies\choppy-market-sop.md		原表
M3	卖点与破位	白线	白线 / 百线 / 百亿	81	1594	17	91	已覆盖	advanced-patterns.md; data_dictionary.md; exit-strategies.md; four-rhythms.md; framework-extraction.md; heuristics.md; indicators.md; iron-butterfly.md; key-candles.md; sell-discipline.md; signal_dictionary.md; stock-glossary.md; trading-core.md; trading-psychology.md; trend-lines.md; reference\thresholds.md; strategies\choppy-market-sop.md		原表
M3	卖点与破位	黄线	黄线	77	1768	16	75	已覆盖	advanced-patterns.md; four-rhythms.md; framework-extraction.md; harness.md; heuristics.md; indicators.md; iron-butterfly.md; position-management.md; sell-discipline.md; signal_dictionary.md; stock-glossary.md; trading-core.md; trading-psychology.md; trend-lines.md; reference\thresholds.md; strategies\choppy-market-sop.md		原表
M3	卖点与破位	击穿对手盘	击穿对手盘 / 击穿对手	18	110	5	8	已覆盖	framework-extraction.md; life-decision-research.md; life-decision.md; trading-core.md; trading-psychology.md		原表
M3	卖点与破位	忍一根	忍一根	9	24	1	1	薄弱	trading-core.md		原表
M3	卖点与破位	死叉	死叉	35	238	8	33	已覆盖	heuristics.md; indicators.md; sell-discipline.md; signal_dictionary.md; trading-core.md; trend-lines.md; reference\thresholds.md; strategies\choppy-market-sop.md		原表
M3	卖点与破位	假零	假零 / 贾玲 / 假玲 / 假零理论	4	15	0	0	★缺失			原表
M3	卖点与破位	出货	出货	84	1439	17	73	已覆盖	advanced-patterns.md; business-judgment.md; exit-strategies.md; four-rhythms.md; heuristics.md; indicators.md; iron-butterfly.md; key-candles.md; market-macro.md; position-management.md; sell-discipline.md; stock-glossary.md; trading-core.md; trading-psychology.md; workflow.md; reference\thresholds.md; strategies\choppy-market-sop.md		原表
M3	卖点与破位	逃顶	逃顶	10	32	9	17	已覆盖	advanced-patterns.md; exit-strategies.md; four-rhythms.md; framework-extraction.md; heuristics.md; key-candles.md; market-macro.md; sell-discipline.md; reference\thresholds.md		原表
M3	卖点与破位	卖飞	卖飞	25	113	17	47	已覆盖	exit-strategies.md; four-rhythms.md; framework-extraction.md; heuristics.md; indicators.md; life-decision-research.md; life-decision.md; portfolio-management.md; sell-discipline.md; signal_dictionary.md; stock-glossary.md; three-best-principles.md; trading-core.md; trading-psychology.md; workflow.md; reference\thresholds.md; strategies\choppy-market-sop.md		原表
M3	卖点与破位	牵牛绳	牵牛绳 / 牵牛绳子 / 牵牛绳儿	34	153	3	4	已覆盖	stock-glossary.md; trading-psychology.md; trend-lines.md		原表
M3	卖点与破位	五种出货方式	五种出货方式 / 五种出货	8	18	0	0	★缺失			原表
M4	理论武器库	关键K	关键K / 关键k / 关键 K	44	445	6	23	已覆盖	four-rhythms.md; heuristics.md; key-candles.md; signal_dictionary.md; stock-glossary.md; trading-core.md		原表
M4	理论武器库	暴力K	暴力K / 暴力k / 暴力 K / 暴力K线	21	140	2	4	薄弱	signal_dictionary.md; trading-core.md		原表
M4	理论武器库	倍量柱	倍量柱 / 背量柱 / 倍量	32	393	3	7	已覆盖	indicators.md; signal_dictionary.md; trading-core.md		原表
M4	理论武器库	异动	异动	54	315	7	21	已覆盖	advanced-patterns.md; data_dictionary.md; heuristics.md; indicators.md; signal_dictionary.md; trading-core.md; strategies\choppy-market-sop.md		原表
M4	理论武器库	四分之一量线 / ¾阴量线	四分之一量线 / ¾阴量线 / 四分之一量 / 四分之三阴 / ¾阴量 / 四分之三阴量	22	97	3	5	已覆盖	advanced-patterns.md; heuristics.md; trading-core.md	"✅ 已核实（2026-09-12）：¾阴量线 = 四分之三阴量线 = 四分之一量线，同指一概念；¾ 是心智图权威写法（非库自造）；原记 143/122 计数不可复现已删"	原表
M4	理论武器库	筹码	筹码	81	1452	15	62	已覆盖	breathing-theory.md; career-development.md; four-rhythms.md; framework-extraction.md; indicators.md; iron-butterfly.md; key-candles.md; life-decision.md; market-macro.md; position-management.md; sell-discipline.md; stock-glossary.md; trading-core.md; trading-psychology.md; reference\thresholds.md		原表
M4	理论武器库	ABC	ABC	7	21	4	6	已覆盖	data_dictionary.md; portfolio-management.md; position-management.md; trading-core.md		原表
M4	理论武器库	N型	N型	70	514	4	5	已覆盖	indicators.md; signal_dictionary.md; trading-core.md; reference\thresholds.md		原表
M4	理论武器库	对称	对称	28	527	6	34	已覆盖	advanced-patterns.md; heuristics.md; key-candles.md; stock-glossary.md; trading-core.md; strategies\choppy-market-sop.md		原表
M4	理论武器库	建/拉/冲（建仓波·拉升波·冲刺波）	建/拉/冲（建仓波·拉升波·冲刺波） / 建仓波 / 拉升波 / 冲刺波 / 建\\拉\\冲	20	376	7	14	已覆盖	heuristics.md; indicators.md; iron-butterfly.md; position-management.md; signal_dictionary.md; stock-glossary.md; trading-core.md		原表
M4	理论武器库	四块砖	四块砖 / 四块红砖 / 四块绿砖	12	94	12	22	已覆盖	breathing-theory.md; framework-extraction.md; harness.md; heuristics.md; life-decision-research.md; sell-discipline.md; signal_dictionary.md; trading-core.md; trading-psychology.md; workflow.md; reference\thresholds.md; strategies\choppy-market-sop.md		原表
M4	理论武器库	填坑	填坑	23	117	2	3	薄弱	advanced-patterns.md; trading-core.md		原表
M4	理论武器库	出坑	出坑	13	88	1	1	薄弱	trading-core.md		原表
M5	交易框架元认知	框架	框架	28	130	16	46	已覆盖	business-judgment-research.md; business-judgment.md; career-development.md; exit-strategies.md; four-rhythms.md; framework-extraction.md; harness.md; indicators.md; life-decision-research.md; life-decision.md; market-macro.md; portfolio-management.md; six-tracks-2026.md; trading-psychology.md; workflow.md; macro\etf-strategy.md		原表
M5	交易框架元认知	模块化	模块化	2	8	3	3	已覆盖	harness.md; indicators.md; trading-core.md		原表
M5	交易框架元认知	简单化	简单化	3	5	0	0	★缺失			原表
M5	交易框架元认知	一把一结	一把一结	1	2	0	0	★缺失			原表
M5	交易框架元认知	动态仓	动态仓	12	89	4	8	已覆盖	market-macro.md; portfolio-management.md; position-management.md; reference\thresholds.md		原表
M5	交易框架元认知	底仓	底仓	59	274	6	11	已覆盖	indicators.md; market-macro.md; portfolio-management.md; position-management.md; sell-discipline.md; reference\thresholds.md		原表
M5	交易框架元认知	二元对立	二元对立	2	6	0	0	★缺失			原表
M5	交易框架元认知	知行合一	知行合一	30	118	5	5	已覆盖	indicators.md; life-decision-research.md; life-decision.md; trading-core.md; trading-psychology.md		原表
M5	交易框架元认知	交作业	交作业	10	13	1	1	薄弱	workflow.md		原表
M5	交易框架元认知	肌肉记忆	肌肉记忆	13	19	0	0	★缺失			原表
M5	交易框架元认知	纪律	纪律	76	749	20	55	已覆盖	advanced-patterns.md; business-judgment-research.md; business-judgment.md; career-development.md; four-rhythms.md; framework-extraction.md; harness.md; heuristics.md; indicators.md; life-decision-research.md; life-decision.md; portfolio-management.md; position-management.md; sell-discipline.md; three-best-principles.md; trading-core.md; trading-psychology.md; workflow.md; reference\thresholds.md; strategies\choppy-market-sop.md		原表
M6	心态与人性	心态	心态	79	491	9	23	已覆盖	framework-extraction.md; life-decision-research.md; life-decision.md; position-management.md; trading-core.md; trading-psychology.md; workflow.md; reference\thresholds.md; strategies\choppy-market-sop.md		原表
M6	心态与人性	情绪	情绪	72	333	5	8	已覆盖	life-decision-research.md; stock-glossary.md; trading-core.md; trading-psychology.md; workflow.md		原表
M6	心态与人性	人性	人性	37	70	6	11	已覆盖	business-judgment-research.md; business-judgment.md; key-candles.md; life-decision-research.md; life-decision.md; trading-psychology.md		原表
M6	心态与人性	散户	散户	84	1109	12	28	已覆盖	breathing-theory.md; four-rhythms.md; framework-extraction.md; indicators.md; iron-butterfly.md; market-macro.md; position-management.md; stock-glossary.md; trading-core.md; trading-psychology.md; trend-lines.md; workflow.md		原表
M6	心态与人性	魔咒	魔咒	1	21	1	3	薄弱	trading-psychology.md		原表
M6	心态与人性	思维	思维	56	263	15	32	已覆盖	business-judgment.md; career-development.md; framework-extraction.md; harness.md; indicators.md; iron-butterfly.md; life-decision-research.md; life-decision.md; market-macro.md; position-management.md; sell-discipline.md; stock-glossary.md; trading-psychology.md; trend-lines.md; workflow.md		原表
M6	心态与人性	恐惧	恐惧	27	49	0	0	★缺失			原表
M6	心态与人性	贪婪	贪婪	14	17	1	1	薄弱	trading-core.md		原表
M6	心态与人性	承受力	承受力	11	25	1	1	薄弱	stock-glossary.md		原表
M7	宏观产业板块	产业	产业	40	200	7	24	已覆盖	business-judgment-research.md; business-judgment.md; framework-extraction.md; market-macro.md; six-tracks-2026.md; stock-glossary.md; strategies\choppy-market-sop.md		原表
M7	宏观产业板块	宏观	宏观	36	102	12	14	已覆盖	business-judgment.md; framework-extraction.md; heuristics.md; life-decision-research.md; life-decision.md; market-macro.md; portfolio-management.md; position-management.md; stock-glossary.md; workflow.md; macro\etf-strategy.md; reference\thresholds.md		原表
M7	宏观产业板块	政策	政策	66	392	8	13	已覆盖	market-macro.md; portfolio-management.md; position-management.md; six-tracks-2026.md; trading-core.md; trading-psychology.md; workflow.md; macro\etf-strategy.md		原表
M7	宏观产业板块	创新药	创新药	43	342	5	17	已覆盖	market-macro.md; portfolio-management.md; six-tracks-2026.md; stock-glossary.md; macro\etf-strategy.md		原表
M7	宏观产业板块	消费	消费	62	276	10	49	已覆盖	business-judgment-research.md; business-judgment.md; career-development.md; framework-extraction.md; heuristics.md; market-macro.md; six-tracks-2026.md; stock-glossary.md; workflow.md; macro\etf-strategy.md		原表
M7	宏观产业板块	芯片	芯片	35	97	3	5	已覆盖	portfolio-management.md; stock-glossary.md; macro\etf-strategy.md		原表
M7	宏观产业板块	AIDC	AIDC	13	42	0	0	★缺失			原表
M7	宏观产业板块	算力	算力	32	86	3	5	已覆盖	business-judgment.md; six-tracks-2026.md; stock-glossary.md		原表
M7	宏观产业板块	新能源	新能源	46	135	9	18	已覆盖	business-judgment-research.md; business-judgment.md; framework-extraction.md; market-macro.md; portfolio-management.md; position-management.md; six-tracks-2026.md; stock-glossary.md; macro\etf-strategy.md		原表
M7	宏观产业板块	有色	有色	43	192	4	5	已覆盖	business-judgment-research.md; business-judgment.md; market-macro.md; six-tracks-2026.md		原表
M7	宏观产业板块	券商	券商	81	747	4	13	已覆盖	market-macro.md; portfolio-management.md; stock-glossary.md; macro\etf-strategy.md		原表
M7	宏观产业板块	医药	医药	23	69	2	5	薄弱	six-tracks-2026.md; stock-glossary.md		原表
M7	宏观产业板块	PPI	PPI	7	25	0	0	★缺失			原表
M7	宏观产业板块	关税	关税	17	34	0	0	★缺失			原表
M8	复盘考试验收	考试	考试	21	78	0	0	★缺失			原表
M8	复盘考试验收	摸底	摸底	1	1	0	0	★缺失			原表
M8	复盘考试验收	复盘	复盘	58	215	17	99	已覆盖	advanced-patterns.md; career-development.md; exit-strategies.md; framework-extraction.md; improvement-system.md; indicators.md; key-candles.md; life-decision-research.md; life-decision.md; market-macro.md; portfolio-management.md; position-management.md; sell-discipline.md; six-tracks-2026.md; stock-glossary.md; trading-psychology.md; workflow.md		原表
M8	复盘考试验收	作业	作业	32	81	1	1	薄弱	workflow.md		原表
M8	复盘考试验收	验收	验收	0	0	0	0	语料无			原表
M8	复盘考试验收	补课	补课	18	27	0	0	★缺失			原表
M8	复盘考试验收	案例	案例	83	1434	19	97	已覆盖	breathing-theory.md; business-judgment-research.md; business-judgment.md; career-development.md; exit-strategies.md; four-rhythms.md; framework-extraction.md; harness.md; improvement-system.md; indicators.md; iron-butterfly.md; key-candles.md; life-decision-research.md; life-decision.md; position-management.md; sell-discipline.md; three-best-principles.md; workflow.md; macro\etf-strategy.md		原表
M9	人设与闲聊	闲聊	闲聊	67	183	0	0	★缺失			原表
M9	人设与闲聊	扯淡	扯淡	6	10	0	0	★缺失			原表
M9	人设与闲聊	茶人	茶人	0	0	0	0	语料无			原表
M9	人设与闲聊	加餐	加餐	12	22	5	11	已覆盖	breathing-theory.md; market-macro.md; portfolio-management.md; trading-core.md; trading-psychology.md		原表
M9	人设与闲聊	聊天	聊天	11	18	2	5	薄弱	harness.md; life-decision-research.md		原表
M9	人设与闲聊	高尔夫	高尔夫	12	67	3	6	已覆盖	framework-extraction.md; life-decision-research.md; trading-psychology.md		原表
M9	人设与闲聊	足球	足球	38	121	0	0	★缺失			原表
M10	人生职业商业	职业	职业	38	108	8	57	已覆盖	business-judgment.md; career-development.md; framework-extraction.md; harness.md; heuristics.md; life-decision-research.md; life-decision.md; workflow.md		原表
M10	人生职业商业	人生	人生	39	91	9	62	已覆盖	business-judgment.md; career-development.md; framework-extraction.md; harness.md; heuristics.md; life-decision-research.md; life-decision.md; trading-psychology.md; workflow.md		原表
M10	人生职业商业	商业	商业	31	74	11	22	已覆盖	business-judgment-research.md; business-judgment.md; career-development.md; framework-extraction.md; harness.md; heuristics.md; life-decision.md; market-macro.md; six-tracks-2026.md; stock-glossary.md; workflow.md		原表
M10	人生职业商业	生意	生意	16	26	0	0	★缺失			原表
M10	人生职业商业	职场	职场	11	20	1	2	薄弱	career-development.md		原表
M10	人生职业商业	领导	领导	32	94	0	0	★缺失			原表
M10	人生职业商业	管理	管理	67	289	15	29	已覆盖	business-judgment.md; career-development.md; framework-extraction.md; harness.md; heuristics.md; improvement-system.md; key-candles.md; life-decision.md; market-macro.md; portfolio-management.md; position-management.md; stock-glossary.md; trading-psychology.md; reference\thresholds.md; strategies\choppy-market-sop.md		原表
M10	人生职业商业	决策	决策	43	122	14	41	已覆盖	business-judgment-research.md; business-judgment.md; career-development.md; exit-strategies.md; framework-extraction.md; harness.md; heuristics.md; life-decision-research.md; life-decision.md; sell-discipline.md; signal_dictionary.md; trading-core.md; workflow.md; strategies\choppy-market-sop.md		原表
M4	理论武器库	量比	量比	29	324	11	35	已覆盖	advanced-patterns.md; harness.md; heuristics.md; portfolio-management.md; position-management.md; sell-discipline.md; signal_dictionary.md; three-best-principles.md; trading-core.md; workflow.md; reference\thresholds.md	★心智图正式成员；语料实测 1138 次，旧词表完全漏收	★心智图补录
M4	理论武器库	长阴短柱	长阴短柱 / 长音短柱	25	92	3	4	已覆盖	indicators.md; stock-glossary.md; trading-core.md	★心智图正式成员；语料实测 203 次，旧词表完全漏收；考试集高频理由词	★心智图补录
M3	卖点与破位	掉进碗里	掉进碗里 / 碗里	18	68	0	0	★缺失		★心智图「破白线」细则新增项	★心智图补录
M3	卖点与破位	判断大哥在不在	判断大哥在不在 / 大哥在不在 / 大哥不在 / 大哥在	8	13	2	3	薄弱	trading-core.md; trading-psychology.md	★心智图「破黄线/死叉」细则新增项	★心智图补录
M3	卖点与破位	黄线的交易价值	黄线的交易价值 / 黄线位置的交易价值	6	8	0	0	★缺失		★心智图「破黄线/死叉」细则新增项	★心智图补录
M2	止损与放飞	SB1破掉	SB1破掉 / SB一破掉	0	0	0	0	语料无		★心智图「止损」细则新增项（注意：心智图未把 SB1 列为独立买点）	★心智图补录
M0	择时	池子-备胎-答应	池子-备胎-答应 / 备胎 / 答应	8	31	2	2	薄弱	trading-core.md; reference\thresholds.md	心智图池子第三层；旧表分列两条，合并	★心智图补录
