Code	Module	Label	Pattern
M0	择时	活跃市值	活跃市值
M0	择时	多头区间	多头区间
M0	择时	空头区间	空头区间
M0	择时	只卖不买	只卖不买
M0	择时	择时	择时
M0	择时	容错率	容错
M0	择时	池子	池子
M0	择时	主线	主线
M0	择时	支线	支线
M0	择时	备胎	备胎
M0	择时	答应	答应
M0	择时	卡两截	卡两截
M0	择时	空仓	空仓
M1	买点	B1	(?<!S)B1(?![0-9])
M1	买点	B2	(?<!S)B2(?![0-9])
M1	买点	B3	(?<!S)B3(?![0-9])
M1	买点	B一	B一
M1	买点	B二	B二
M1	买点	B三	B三
M1	买点	单针下三十	单针下三十
M1	买点	单针下二十	单针下二十
M1	买点	砖形图	砖形图
M1	买点	砖型图	砖型图
M1	买点	专精图	专精图
M1	买点	SB1	SB1
M1	买点	SB一	SB一
M1	买点	长安战法	长安战法
M1	买点	长安图	长安图
M1	买点	第三定式	第三定式
M1	买点	上车	上车
M2	止损与放飞	止损	止损
M2	止损与放飞	放飞	放飞
M2	止损与放飞	没涨	没涨
M2	止损与放飞	赢转亏	赢转亏
M2	止损与放飞	盈转亏	盈转亏
M2	止损与放飞	止盈	止盈
M2	止损与放飞	破平台	破平台
M2	止损与放飞	前低	前低
M2	止损与放飞	中长阳	中长阳
M2	止损与放飞	减仓	减仓
M3	卖点与破位	S1	(?<![A-Za-z])S1(?![0-9])
M3	卖点与破位	S一	S一
M3	卖点与破位	滴滴	滴滴
M3	卖点与破位	阶梯量	阶梯量
M3	卖点与破位	破白线	破白线
M3	卖点与破位	白线	白线
M3	卖点与破位	黄线	黄线
M3	卖点与破位	击穿对手盘	击穿对手盘
M3	卖点与破位	忍一根	忍一根
M3	卖点与破位	死叉	死叉
M3	卖点与破位	假零	假零
M3	卖点与破位	贾玲	贾玲
M3	卖点与破位	出货	出货
M3	卖点与破位	逃顶	逃顶
M3	卖点与破位	卖飞	卖飞
M3	卖点与破位	牵牛绳	牵牛绳
M3	卖点与破位	五种出货	五种出货
M4	理论武器库	关键K	关键K
M4	理论武器库	暴力K	暴力K
M4	理论武器库	倍量柱	倍量柱
M4	理论武器库	异动	异动
M4	理论武器库	四分之一量线	四分之一量线
M4	理论武器库	筹码	筹码
M4	理论武器库	ABC	ABC
M4	理论武器库	N型	N型
M4	理论武器库	对称	对称
M4	理论武器库	建仓波	建仓波
M4	理论武器库	拉升波	拉升波
M4	理论武器库	冲刺波	冲刺波
M4	理论武器库	四块砖	四块砖
M4	理论武器库	填坑	填坑
M4	理论武器库	出坑	出坑
M5	交易框架元认知	框架	框架
M5	交易框架元认知	模块化	模块化
M5	交易框架元认知	简单化	简单化
M5	交易框架元认知	一把一结	一把一结
M5	交易框架元认知	动态仓	动态仓
M5	交易框架元认知	底仓	底仓
M5	交易框架元认知	二元对立	二元对立
M5	交易框架元认知	知行合一	知行合一
M5	交易框架元认知	交作业	交作业
M5	交易框架元认知	肌肉记忆	肌肉记忆
M5	交易框架元认知	纪律	纪律
M6	心态与人性	心态	心态
M6	心态与人性	情绪	情绪
M6	心态与人性	人性	人性
M6	心态与人性	散户	散户
M6	心态与人性	魔咒	魔咒
M6	心态与人性	思维	思维
M6	心态与人性	恐惧	恐惧
M6	心态与人性	贪婪	贪婪
M6	心态与人性	承受力	承受力
M7	宏观产业板块	产业	产业
M7	宏观产业板块	宏观	宏观
M7	宏观产业板块	政策	政策
M7	宏观产业板块	创新药	创新药
M7	宏观产业板块	消费	消费
M7	宏观产业板块	芯片	芯片
M7	宏观产业板块	AIDC	AIDC
M7	宏观产业板块	算力	算力
M7	宏观产业板块	新能源	新能源
M7	宏观产业板块	有色	有色
M7	宏观产业板块	券商	券商
M7	宏观产业板块	医药	医药
M7	宏观产业板块	PPI	PPI
M7	宏观产业板块	关税	关税
M8	复盘考试验收	考试	考试
M8	复盘考试验收	摸底	摸底
M8	复盘考试验收	复盘	复盘
M8	复盘考试验收	作业	作业
M8	复盘考试验收	验收	验收
M8	复盘考试验收	补课	补课
M8	复盘考试验收	案例	案例
M9	人设与闲聊	闲聊	闲聊
M9	人设与闲聊	扯淡	扯淡
M9	人设与闲聊	茶人	茶人
M9	人设与闲聊	加餐	加餐
M9	人设与闲聊	聊天	聊天
M9	人设与闲聊	高尔夫	高尔夫
M9	人设与闲聊	足球	足球
M10	人生职业商业	职业	职业
M10	人生职业商业	人生	人生
M10	人生职业商业	商业	商业
M10	人生职业商业	生意	生意
M10	人生职业商业	职场	职场
M10	人生职业商业	领导	领导
M10	人生职业商业	管理	管理
M10	人生职业商业	决策	决策
