"File"	"Chars"	"M0"	"M1"	"M2"	"M3"	"M4"	"M5"	"M6"	"M7"	"M8"	"M9"	"M10"
"advanced-patterns.md"	"4005"	"3"	"44"	"8"	"9"	"21"	"1"	"0"	"0"	"5"	"0"	"0"
"breathing-theory.md"	"1069"	"0"	"2"	"0"	"0"	"3"	"0"	"1"	"0"	"1"	"1"	"0"
"business-judgment.md"	"6075"	"9"	"0"	"0"	"3"	"0"	"5"	"3"	"29"	"16"	"4"	"13"
"business-judgment-research.md"	"4305"	"8"	"0"	"0"	"0"	"0"	"5"	"1"	"10"	"9"	"0"	"3"
"career-development.md"	"4205"	"0"	"0"	"0"	"0"	"3"	"3"	"2"	"1"	"12"	"0"	"23"
"data_dictionary.md"	"5026"	"0"	"1"	"0"	"1"	"2"	"0"	"0"	"0"	"0"	"0"	"0"
"exit-strategies.md"	"2020"	"0"	"1"	"2"	"36"	"2"	"1"	"0"	"0"	"12"	"0"	"1"
"four-rhythms.md"	"1681"	"1"	"3"	"8"	"23"	"5"	"4"	"1"	"0"	"1"	"0"	"0"
"framework-extraction.md"	"6968"	"7"	"3"	"2"	"6"	"2"	"13"	"6"	"7"	"16"	"2"	"33"
"harness.md"	"8711"	"0"	"6"	"4"	"2"	"2"	"7"	"1"	"0"	"4"	"4"	"8"
"heuristics.md"	"1898"	"2"	"7"	"4"	"16"	"4"	"2"	"0"	"3"	"0"	"0"	"8"
"improvement-system.md"	"3484"	"0"	"6"	"0"	"0"	"0"	"0"	"0"	"0"	"18"	"0"	"3"
"indicators.md"	"6665"	"15"	"12"	"10"	"40"	"43"	"6"	"7"	"0"	"4"	"0"	"0"
"iron-butterfly.md"	"1306"	"0"	"2"	"0"	"6"	"7"	"0"	"3"	"0"	"1"	"0"	"0"
"key-candles.md"	"1395"	"1"	"9"	"0"	"6"	"3"	"0"	"1"	"0"	"7"	"0"	"2"
"life-decision.md"	"6029"	"2"	"1"	"6"	"3"	"1"	"10"	"7"	"1"	"14"	"0"	"36"
"life-decision-research.md"	"7232"	"2"	"1"	"6"	"4"	"1"	"10"	"18"	"1"	"25"	"3"	"24"
"macro\etf-strategy.md"	"2411"	"2"	"2"	"2"	"1"	"0"	"1"	"0"	"10"	"2"	"0"	"0"
"market-macro.md"	"4689"	"5"	"2"	"4"	"4"	"2"	"4"	"2"	"19"	"2"	"2"	"3"
"portfolio-management.md"	"3316"	"1"	"9"	"4"	"1"	"2"	"4"	"1"	"9"	"3"	"1"	"2"
"position-management.md"	"3010"	"10"	"3"	"1"	"4"	"3"	"8"	"8"	"3"	"2"	"2"	"3"
"reference\thresholds.md"	"4611"	"10"	"19"	"21"	"18"	"6"	"7"	"1"	"1"	"0"	"0"	"2"
"sell-discipline.md"	"4978"	"3"	"7"	"9"	"60"	"3"	"6"	"1"	"0"	"3"	"0"	"1"
"signal_dictionary.md"	"6280"	"2"	"31"	"7"	"21"	"14"	"0"	"0"	"0"	"0"	"0"	"1"
"six-tracks-2026.md"	"2345"	"1"	"1"	"1"	"0"	"0"	"1"	"0"	"31"	"1"	"0"	"1"
"stock-glossary.md"	"4871"	"2"	"9"	"0"	"22"	"9"	"0"	"7"	"35"	"27"	"0"	"2"
"strategies\choppy-market-sop.md"	"5459"	"24"	"28"	"23"	"33"	"4"	"5"	"1"	"1"	"0"	"0"	"2"
"three-best-principles.md"	"1196"	"0"	"4"	"2"	"2"	"0"	"5"	"0"	"0"	"1"	"0"	"0"
"trading-core.md"	"6985"	"20"	"75"	"41"	"58"	"35"	"5"	"6"	"1"	"0"	"5"	"1"
"trading-psychology.md"	"4319"	"5"	"9"	"11"	"8"	"3"	"7"	"25"	"1"	"4"	"4"	"8"
"trend-lines.md"	"1877"	"2"	"9"	"4"	"48"	"0"	"0"	"2"	"0"	"0"	"0"	"0"
"workflow.md"	"9679"	"7"	"14"	"13"	"6"	"1"	"9"	"7"	"5"	"7"	"2"	"33"
