Code	Module	Canonical	Aliases	Patterns	Source	Note
M0	择时	活跃市值	活跃市值	活跃市值	原表	
M0	择时	多头区间	多头区间	多头区间	原表	
M0	择时	空头区间	空头区间	空头区间	原表	
M0	择时	只卖不买	只卖不买	只卖不买	原表	
M0	择时	择时	择时	择时	原表	
M0	择时	容错率	容错率	容错|容错率	原表	
M0	择时	池子	池子	池子	原表	
M0	择时	主线	主线	主线	原表	
M0	择时	支线	支线	支线	原表	
M0	择时	备胎	备胎	备胎	原表	
M0	择时	答应	答应	答应	原表	
M0	择时	卡两截	卡两截	卡两截	原表	
M0	择时	空仓	空仓	空仓	原表	
M1	买点	B1	B1 / B一	(?<!S)B1(?![0-9])|B1|B一	原表	
M1	买点	B2	B2 / B二	(?<!S)B2(?![0-9])|B2|B二	原表	
M1	买点	B3	B3 / B三	(?<!S)B3(?![0-9])|B3|B三	原表	
M1	买点	单针下三十	单针下三十	单针下三十	原表	
M1	买点	单针下二十	单针下二十	单针下二十	原表	
M1	买点	砖型图	砖型图 / 砖形图 / 专精图 / 专行图 / 专情图 / 专型图 / 专赢图 / 专景图 / 砖图 / 专精图体系	砖型图|砖形图|专精图|专行图|专情图|专型图|专赢图|专景图|砖图|专精图体系	原表	用户裁定 专精图=砖型图；ASR 变体实测 notes 41 次 / transcript 160 次
M1	买点	SB1	SB1 / SB一	SB1|SB一	原表	
M1	买点	长安战法	长安战法 / 长安图	长安战法|长安图	原表	
M1	买点	第三定式	第三定式	第三定式	原表	
M1	买点	上车	上车	上车	原表	
M2	止损与放飞	止损	止损	止损	原表	
M2	止损与放飞	放飞	放飞	放飞	原表	
M2	止损与放飞	没涨	没涨	没涨	原表	
M2	止损与放飞	盈转亏	盈转亏 / 赢转亏	盈转亏|赢转亏	原表	字形分歧：语料 盈转亏 21 处 / 赢转亏 18 处；knowledge 用「盈」
M2	止损与放飞	止盈	止盈	止盈	原表	
M2	止损与放飞	破平台	破平台	破平台	原表	
M2	止损与放飞	前低	前低	前低	原表	
M2	止损与放飞	中长阳	中长阳	中长阳	原表	
M2	止损与放飞	减仓	减仓	减仓	原表	
M3	卖点与破位	S1	S1 / S一	(?<![A-Za-z])S1(?![0-9])|S1|S一	原表	
M3	卖点与破位	滴滴	滴滴	滴滴	原表	
M3	卖点与破位	阶梯量	阶梯量	阶梯量	原表	
M3	卖点与破位	破白线	破白线	破白线	原表	
M3	卖点与破位	白线	白线 / 百线 / 百亿	白线|百线|百亿	原表	
M3	卖点与破位	黄线	黄线	黄线	原表	
M3	卖点与破位	击穿对手盘	击穿对手盘 / 击穿对手	击穿对手盘|击穿对手	原表	
M3	卖点与破位	忍一根	忍一根	忍一根	原表	
M3	卖点与破位	死叉	死叉	死叉	原表	
M3	卖点与破位	假零	假零 / 贾玲 / 假玲 / 假零理论	假零|贾玲|假玲|假零理论	原表	
M3	卖点与破位	出货	出货	出货	原表	
M3	卖点与破位	逃顶	逃顶	逃顶	原表	
M3	卖点与破位	卖飞	卖飞	卖飞	原表	
M3	卖点与破位	牵牛绳	牵牛绳 / 牵牛绳子 / 牵牛绳儿	牵牛绳|牵牛绳子|牵牛绳儿	原表	
M3	卖点与破位	五种出货方式	五种出货方式 / 五种出货	五种出货方式|五种出货	原表	
M4	理论武器库	关键K	关键K / 关键k / 关键 K	关键K|关键k|关键\ K	原表	
M4	理论武器库	暴力K	暴力K / 暴力k / 暴力 K / 暴力K线	暴力K|暴力k|暴力\ K|暴力K线	原表	
M4	理论武器库	倍量柱	倍量柱 / 背量柱 / 倍量	倍量柱|背量柱|倍量	原表	
M4	理论武器库	异动	异动	异动	原表	
M4	理论武器库	四分之一量线 / ¾阴量线	四分之一量线 / ¾阴量线 / 四分之一量 / 四分之三阴 / ¾阴量 / 四分之三阴量	四分之一量线|四分之一量线\ /\ ¾阴量线|四分之一量|四分之三阴|¾阴量|四分之三阴量	原表	"✅ 已核实（2026-09-12）：¾阴量线 = 四分之三阴量线 = 四分之一量线，同指一概念；¾ 是心智图权威写法（非库自造）；原记 143/122 计数不可复现已删"
M4	理论武器库	筹码	筹码	筹码	原表	
M4	理论武器库	ABC	ABC	ABC	原表	
M4	理论武器库	N型	N型	N型	原表	
M4	理论武器库	对称	对称	对称	原表	
M4	理论武器库	建/拉/冲（建仓波·拉升波·冲刺波）	建/拉/冲（建仓波·拉升波·冲刺波） / 建仓波 / 拉升波 / 冲刺波 / 建\\拉\\冲	建/拉/冲（建仓波·拉升波·冲刺波）|建仓波|拉升波|冲刺波|建\\\\拉\\\\冲	原表	
M4	理论武器库	四块砖	四块砖 / 四块红砖 / 四块绿砖	四块砖|四块红砖|四块绿砖	原表	
M4	理论武器库	填坑	填坑	填坑	原表	
M4	理论武器库	出坑	出坑	出坑	原表	
M5	交易框架元认知	框架	框架	框架	原表	
M5	交易框架元认知	模块化	模块化	模块化	原表	
M5	交易框架元认知	简单化	简单化	简单化	原表	
M5	交易框架元认知	一把一结	一把一结	一把一结	原表	
M5	交易框架元认知	动态仓	动态仓	动态仓	原表	
M5	交易框架元认知	底仓	底仓	底仓	原表	
M5	交易框架元认知	二元对立	二元对立	二元对立	原表	
M5	交易框架元认知	知行合一	知行合一	知行合一	原表	
M5	交易框架元认知	交作业	交作业	交作业	原表	
M5	交易框架元认知	肌肉记忆	肌肉记忆	肌肉记忆	原表	
M5	交易框架元认知	纪律	纪律	纪律	原表	
M6	心态与人性	心态	心态	心态	原表	
M6	心态与人性	情绪	情绪	情绪	原表	
M6	心态与人性	人性	人性	人性	原表	
M6	心态与人性	散户	散户	散户	原表	
M6	心态与人性	魔咒	魔咒	魔咒	原表	
M6	心态与人性	思维	思维	思维	原表	
M6	心态与人性	恐惧	恐惧	恐惧	原表	
M6	心态与人性	贪婪	贪婪	贪婪	原表	
M6	心态与人性	承受力	承受力	承受力	原表	
M7	宏观产业板块	产业	产业	产业	原表	
M7	宏观产业板块	宏观	宏观	宏观	原表	
M7	宏观产业板块	政策	政策	政策	原表	
M7	宏观产业板块	创新药	创新药	创新药	原表	
M7	宏观产业板块	消费	消费	消费	原表	
M7	宏观产业板块	芯片	芯片	芯片	原表	
M7	宏观产业板块	AIDC	AIDC	AIDC	原表	
M7	宏观产业板块	算力	算力	算力	原表	
M7	宏观产业板块	新能源	新能源	新能源	原表	
M7	宏观产业板块	有色	有色	有色	原表	
M7	宏观产业板块	券商	券商	券商	原表	
M7	宏观产业板块	医药	医药	医药	原表	
M7	宏观产业板块	PPI	PPI	PPI	原表	
M7	宏观产业板块	关税	关税	关税	原表	
M8	复盘考试验收	考试	考试	考试	原表	
M8	复盘考试验收	摸底	摸底	摸底	原表	
M8	复盘考试验收	复盘	复盘	复盘	原表	
M8	复盘考试验收	作业	作业	作业	原表	
M8	复盘考试验收	验收	验收	验收	原表	
M8	复盘考试验收	补课	补课	补课	原表	
M8	复盘考试验收	案例	案例	案例	原表	
M9	人设与闲聊	闲聊	闲聊	闲聊	原表	
M9	人设与闲聊	扯淡	扯淡	扯淡	原表	
M9	人设与闲聊	茶人	茶人	茶人	原表	
M9	人设与闲聊	加餐	加餐	加餐	原表	
M9	人设与闲聊	聊天	聊天	聊天	原表	
M9	人设与闲聊	高尔夫	高尔夫	高尔夫	原表	
M9	人设与闲聊	足球	足球	足球	原表	
M10	人生职业商业	职业	职业	职业	原表	
M10	人生职业商业	人生	人生	人生	原表	
M10	人生职业商业	商业	商业	商业	原表	
M10	人生职业商业	生意	生意	生意	原表	
M10	人生职业商业	职场	职场	职场	原表	
M10	人生职业商业	领导	领导	领导	原表	
M10	人生职业商业	管理	管理	管理	原表	
M10	人生职业商业	决策	决策	决策	原表	
M4	理论武器库	量比	量比	量比	★心智图补录	★心智图正式成员；语料实测 1138 次，旧词表完全漏收
M4	理论武器库	长阴短柱	长阴短柱 / 长音短柱	长阴短柱|长音短柱	★心智图补录	★心智图正式成员；语料实测 203 次，旧词表完全漏收；考试集高频理由词
M3	卖点与破位	掉进碗里	掉进碗里 / 碗里	掉进碗里|碗里	★心智图补录	★心智图「破白线」细则新增项
M3	卖点与破位	判断大哥在不在	判断大哥在不在 / 大哥在不在 / 大哥不在 / 大哥在	判断大哥在不在|大哥在不在|大哥不在|大哥在	★心智图补录	★心智图「破黄线/死叉」细则新增项
M3	卖点与破位	黄线的交易价值	黄线的交易价值 / 黄线位置的交易价值	黄线的交易价值|黄线位置的交易价值	★心智图补录	★心智图「破黄线/死叉」细则新增项
M2	止损与放飞	SB1破掉	SB1破掉 / SB一破掉	SB1破掉|SB一破掉	★心智图补录	★心智图「止损」细则新增项（注意：心智图未把 SB1 列为独立买点）
M0	择时	池子-备胎-答应	池子-备胎-答应 / 备胎 / 答应	池子\-备胎\-答应|备胎|答应	★心智图补录	心智图池子第三层；旧表分列两条，合并
