"Session"	"SegDirs"	"NotesKB"	"TransKB"
"20250423"	"5"	"106.8"	"342.4"
"20250430"	"7"	"103.3"	"354.8"
"20250507"	"6"	"70.3"	"291.1"
"20250514"	"5"	"85.3"	"278.8"
"20250531端午特训第一期"	"3"	"47.5"	"289.6"
"20250601端午特训第二期"	"4"	"60.6"	"287"
"20250606充电直播"	"1"	"13.1"	"59"
"20250611特训（周三晚八）"	"3"	"57.4"	"295.4"
"20250618创新药五大方向（周三晚九开"	"3"	"56"	"272.7"
"20250625特训坑里起好货"	"2"	"37.6"	"199.5"
"20250626填坑补充"	"1"	"13"	"124.3"
"20250702（周三晚8）"	"3"	"56.2"	"284.7"
"20250709大富翁之夜交易的节奏（晚八开）"	"3"	"50.8"	"280.8"
"20250712加餐聊会儿"	"2"	"35"	"146.4"
"20250716百战案例砸实基本功（晚八点半开）"	"3"	"65.5"	"340.3"
"20250720闭门会bbb"	"2"	"30"	"157.8"
"20250723麒麟会如何运作一个票？（周三晚八）"	"3"	"49.9"	"285.4"
"20250730重要的防卖飞策略（周三晚八）"	"3"	"66.6"	"254.8"
"20250806大盘调整期如何找到强壮宝宝（周三晚八开）"	"3"	"55.7"	"321.6"
"20250813内部交流"	"3"	"59.9"	"258.7"
"20250819如何买到当日最强？（周二晚八开）"	"3"	"53.5"	"330"
"20250824牛市未来如何逃顶？（周日晚八）"	"6"	"90"	"440.6"
"20250827指数贡献策略防踏空（周三晚八）"	"1"	"15.3"	"300.7"
"20250831神仙打架我散如何应对？（周日晚九点半开）"	"1"	"15.4"	"116"
"20250903今天才有点儿内个意思~（周三晚八开）"	"1"	"18.3"	"302"
"20250906厦门二楼~"	"1"	"17.3"	"149.9"
"20250907九月锦囊+二楼（周日晚八开）"	"2"	"36.1"	"179.9"
"20250910牛市偷懒法～（周三晚八开）"	"3"	"48.1"	"332.3"
"20250914如何做一位斗牛士？（周日晚八点十分）"	"2"	"48"	"183.4"
"20250917主力出货的五种经典方式（周三晚八开）"	"3"	"64.2"	"338.6"
"20250922全网独家解析大A暗战！"	"7"	"96.4"	"285.6"
"20250924散户都给我删掉这五种思维！（周三晚八开）"	"3"	"62.2"	"311.5"
"20251004双线战法的核心逻辑（10.4晚八开）"	"4"	"59.9"	"347.8"
"20251006三大高爆发力的B2买入法（10.6晚八）"	"4"	"61.4"	"360.1"
"20251009闲聊"	"1"	"12.9"	"73.9"
"20251012川子又来搞事情了？（周日晚八）"	"9"	"114.9"	"355.7"
"20251015关键K的重要价值（周三晚八）"	"3"	"30"	"285.6"
"20251020枪林弹雨的十月该如何应对？（周日晚八）"	"8"	"127.7"	"438.5"
"20251022独门对称战法看透主力真实意图（周三晚八）"	"3"	"56.5"	"271"
"20251027牛市里的三大散户魔咒（周日晚九半）"	"8"	"117"	"377.1"
"20251029沉舟千帆，步步为营。（周三晚八）"	"3"	"47.7"	"271.6"
"20251103下一个“比亚迪”在哪里？（周日晚八）"	"8"	"118.3"	"379.2"
"20251105期中考试（周三晚八）"	"3"	"44.7"	"275.1"
"20251110扯会儿淡~"	"8"	"130.2"	"386.7"
"20251112仓位管理如何大幅提升赚钱效率（周三晚8）"	"3"	"58.8"	"248.3"
"20251116重点板块视察~"	"1"	"14.2"	"71.5"
"20251119为你的“知行合一账户”充值～（周三晚八）"	"3"	"68.2"	"277.6"
"20251123蛋比时间~"	"1"	"20.6"	"97.4"
"20251126Z家军之每日5步极简工作流精讲（三晚8）"	"3"	"57.8"	"246.1"
"20251201msfdc~"	"1"	"20.8"	"69.9"
"20251203交易中如何调整“手紧手松”？（周三晚八）"	"3"	"52.7"	"276.7"
"20251208老主线的新叙事！"	"1"	"21.3"	"66.8"
"20251210成交量与股价最真实的关系 （周三晚八）"	"3"	"49.8"	"282.2"
"20251214扯淡局~"	"1"	"15.6"	"82.3"
"20251217为什么说散户输在没有交易节奏（周三晚八）"	"3"	"56.7"	"298.4"
"20251221茶人小叙~"	"1"	"15.7"	"137.8"
"20251224底部暴力K线擒大牛"	"1"	"18.3"	"210.4"
"20251229茶人小叙~"	"1"	"28.5"	"85.6"
"20251231最难一课之击穿对手盘！"	"3"	"50.1"	"332.6"
"20260105 中国消费：谁先变革谁早超生！（日晚八）"	"1"	"16.7"	"49.2"
"20260107 B2买点案例精讲（周三晚八）"	"3"	"80.6"	"275.1"
"20260112 当前行情下5种散户常犯错误！（周日晚八）"	"1"	"18.2"	"89.3"
"20260114  打窝结束！如何变阵？"	"2"	"38.6"	"217.4"
"20260121开枝散叶，踏准节奏"	"3"	"60.4"	"246.6"
"20260126 慢牛密码破译！"	"1"	"0"	"0"
"20260128煤飞色舞之后"	"1"	"0"	"0"
"20260202 喝茶聊聊天~"	"1"	"12.8"	"129.8"
"20260204  当前环境下最好的交易策略~"	"3"	"43.4"	"338.6"
"20260209务必高度重视川子喊单10万点~"	"1"	"15.1"	"102.7"
"20260211节前答疑时间"	"3"	"49.4"	"274.2"
"20260219 进阶】如何大幅提高选股的成功率"	"3"	"45.3"	"285.8"
"20260220瑜伽裤战法"	"3"	"53.8"	"282.3"
"20260224展望节后行情如何演绎？"	"1"	"12.6"	"46.7"
"20260301 10张难看图形绝不能碰！（周日晚八）"	"2"	"18.8"	"162.7"
"20260304 为什么又被炸成德A兰？（周三晚八）"	"3"	"42.6"	"314.7"
"20260309补充两个重要技能点"	"1"	"16"	"113"
"20260311九篇心法精讲（十年后版） 周三晚九"	"2"	"32"	"228.4"
"20260316 先破坏，再建设。（周日晚八）"	"2"	"55.1"	"130.3"
"20260318砖型图的核心用法（周三晚八）"	"3"	"52.3"	"275.7"
"20260322 砍柴，挑水，做饭"	"1"	"13.6"	"101.9"
"20260325 砖型图的三种定式（周三晚7点30）"	"4"	"41.1"	"264.5"
"20260330 全面推演美军若地面取胜概率（周日晚八）"	"1"	"34.4"	"73.3"
"20260404 二楼补钟：重要一课"	"4"	"47.8"	"369.9"
"20260404重要一课（周六晚八）"	"12"	"119.3"	"411.4"
"20260406"	"8"	"101.8"	"316.8"
"20260408筹码理论在当今A股的应用"	"8"	"94.5"	"310.9"
"20260412下阶段主线与支线"	"6"	"82.5"	"191.3"
"20260415知行交易模块总结"	"7"	"70.2"	"190.7"
"20260419如何从产业视角看投资"	"4"	"29.7"	"112.5"
"20260422MACD"	"7"	"93"	"239.2"
"20260426从产业资本看投资"	"6"	"69.2"	"173.4"
"20260429三种常用战法摸底考"	"7"	"87"	"234.9"
"战法"	"2"	"0"	"0"
